time,EngineState,MotorSpeed,Bus_U,Is,Bus_I,BUS_P,MotorTemp,InvTemp,PCodeActive,EthtDeg,EncPos,Enc485Err,IqFbk,HALL_U,HALL_V,HALL_W,HALL_Idx,EncABZLine,EncABZCw,Enc485Cw,Enc6825Cw,SMO_U,SMO_E,SMO_I,SMO_EstI,OBS_ThtCorr,OBS_ThtDiff,OBS_ThtErr,Hall_Tht1,Hall_Tht2,Hall_Tht3,Hall_Tht4,Hall_Tht5,Hall_Tht6,OBS_ThtCorr1,OBS_ThtCorr2,OBS_ThtCorr3,OBS_ThtCorr4,OBS_ThtCorr5,OBS_ThtCorr6,OBS_ThtCorr7,OBS_ThtCorr8,OBS_ThtCorr9,OBS_ThtCorr10,OBS_ThtCorr11,OBS_ThtCorr12,OBS_ThtCorr13,OBS_ThtCorr14,OBS_ThtCorr15,OBS_ThtCorr16,OBS_ThtCorr17,
9-24_14:12:00.0440618,4,0,142.67,0.0078,0,0,28.29,250,0,0,984,0,9E-05,0,0,0,0,0,0,0,0,0,0,0,0,0,0,0,0,0,0,0,0,0,0,0,0,0,0,0,0,0,0,0,0,0,0,0,0,0,0,
9-24_14:12:00.3298801,4,0,142.67,0,0,0,28.3,250,0,0,984,0,9E-05,0,0,0,0,0,0,0,0,0,0,0,0,0,0,0,0,0,0,0,0,0,0,0,0,0,0,0,0,0,0,0,0,0,0,0,0,0,0,
9-24_14:12:00.6111319,4,0,142.72,0.0078,0,0,28.29,250,0,0,984,0,9E-05,0,0,0,0,0,0,0,0,0,0,0,0,0,0,0,0,0,0,0,0,0,0,0,0,0,0,0,0,0,0,0,0,0,0,0,0,0,0,
9-24_14:12:00.8813752,4,0,142.67,0,0,0,28.3,250,0,0,984,0,9E-05,0,0,0,0,0,0,0,0,0,0,0,0,0,0,0,0,0,0,0,0,0,0,0,0,0,0,0,0,0,0,0,0,0,0,0,0,0,0,
9-24_14:12:01.1656456,4,0,142.72,0,0,0,28.31,250,0,0,984,0,8E-05,0,0,0,0,0,0,0,0,0,0,0,0,0,0,0,0,0,0,0,0,0,0,0,0,0,0,0,0,0,0,0,0,0,0,0,0,0,0,
9-24_14:12:01.4369193,4,0,142.61,0.0078,0,0,28.34,250,0,0,976,0,8E-05,0,0,0,0,0,0,0,0,0,0,0,0,0,0,0,0,0,0,0,0,0,0,0,0,0,0,0,0,0,0,0,0,0,0,0,0,0,0,
9-24_14:12:01.7052017,4,0,142.67,0.0078,0,0,28.3,250,0,0,1000,0,8E-05,0,0,0,0,0,0,0,0,0,0,0,0,0,0,0,0,0,0,0,0,0,0,0,0,0,0,0,0,0,0,0,0,0,0,0,0,0,0,
9-24_14:12:01.9744901,4,0,142.72,0.0078,0,0,28.29,250,0,0,1024,0,8E-05,0,0,0,0,0,0,0,0,0,0,0,0,0,0,0,0,0,0,0,0,0,0,0,0,0,0,0,0,0,0,0,0,0,0,0,0,0,0,
9-24_14:12:02.2437655,4,0,142.86,0.0078,0,0,28.3,250,0,0,1040,0,6E-05,0,0,0,0,0,0,0,0,0,0,0,0,0,0,0,0,0,0,0,0,0,0,0,0,0,0,0,0,0,0,0,0,0,0,0,0,0,0,
9-24_14:12:02.5130133,4,0,142.67,0.0078,0,0,28.31,250,0,0,1032,0,6E-05,0,0,0,0,0,0,0,0,0,0,0,0,0,0,0,0,0,0,0,0,0,0,0,0,0,0,0,0,0,0,0,0,0,0,0,0,0,0,
9-24_14:12:02.7829698,4,0,142.72,0.0078,0,0,28.33,250,0,0,1048,0,6E-05,0,0,0,0,0,0,0,0,0,0,0,0,0,0,0,0,0,0,0,0,0,0,0,0,0,0,0,0,0,0,0,0,0,0,0,0,0,0,
9-24_14:12:03.0681675,4,0,142.72,0.0078,0,0,28.33,250,0,0,1056,0,6E-05,0,0,0,0,0,0,0,0,0,0,0,0,0,0,0,0,0,0,0,0,0,0,0,0,0,0,0,0,0,0,0,0,0,0,0,0,0,0,
9-24_14:12:03.3364814,4,0,142.67,0.0078,0,0,28.33,250,0,0,1056,0,5E-05,0,0,0,0,0,0,0,0,0,0,0,0,0,0,0,0,0,0,0,0,0,0,0,0,0,0,0,0,0,0,0,0,0,0,0,0,0,0,
9-24_14:12:03.6077645,4,0,142.67,0.0078,0,0,28.34,250,0,0,1056,0,5E-05,0,0,0,0,0,0,0,0,0,0,0,0,0,0,0,0,0,0,0,0,0,0,0,0,0,0,0,0,0,0,0,0,0,0,0,0,0,0,
9-24_14:12:03.8770281,4,0,142.67,0.0078,0,0,28.34,250,0,0,1056,0,5E-05,0,0,0,0,0,0,0,0,0,0,0,0,0,0,0,0,0,0,0,0,0,0,0,0,0,0,0,0,0,0,0,0,0,0,0,0,0,0,
9-24_14:12:04.1453278,4,0,142.67,0.0078,0,0,28.33,250,0,0,1056,0,5E-05,0,0,0,0,0,0,0,0,0,0,0,0,0,0,0,0,0,0,0,0,0,0,0,0,0,0,0,0,0,0,0,0,0,0,0,0,0,0,
9-24_14:12:04.4272740,2,32,143.11,1.0703,0.1016,0.0146,28.33,250,0,338,10599,0,0.00249,0,0,0,0,0,0,0,0,1.42,0.72,11.125,15.6875,9,1,-12,0,0,0,0,0,0,0,0,0,0,0,0,0,0,0,0,0,0,0,0,0,0,0,
9-24_14:12:04.6805938,2,192,142.95,8.0156,1.1094,0.1572,28.33,250,0,343,9144,0,0.01892,0,0,0,0,0,0,0,0,8.88,7.27,13,15.2734,61,6,-31,0,0,0,0,0,0,0,0,0,0,0,0,0,0,0,0,0,0,0,0,0,0,0,
9-24_14:12:04.9668290,2,356,142.91,10.7031,1.9688,0.2793,28.33,250,0,345,41880,0,0.03543,0,0,0,0,0,0,0,0,15.91,8.06,12.0938,15.4453,75,14,-39,0,0,0,0,0,0,0,0,0,0,0,0,0,0,0,0,0,0,0,0,0,0,0,
9-24_14:12:05.2371059,2,520,142.91,11.6328,2.6953,0.3857,28.34,250,0,351,41256,0,0.05139,0,0,0,0,0,0,0,0,22.8,9.52,12.9688,15.9922,74,22,-34,0,0,0,0,0,0,0,0,0,0,0,0,0,0,0,0,0,0,0,0,0,0,0,
9-24_14:12:05.5193218,2,689,143.7,12.1172,3.5,0.501,28.39,250,0,231,19144,0,0.06732,0,0,0,0,0,0,0,0,30.25,9.17,12.4922,19.1484,73,29,-29,0,0,0,0,0,0,0,0,0,0,0,0,0,0,0,0,0,0,0,0,0,0,0,
9-24_14:12:05.7742285,2,848,142.38,12.2734,4.3828,0.6309,28.46,250,0,12,6151,0,0.0818,0,0,0,0,0,0,0,0,37.7,8.97,13.2734,20.9219,72,34,-23,0,0,0,0,0,0,0,0,0,0,0,0,0,0,0,0,0,0,0,0,0,0,0,
9-24_14:12:06.0585018,3,1032,142.56,6.7969,3.4844,0.4971,28.59,250,0,2,1056,0,0.0853,0,0,0,0,0,0,0,0,43.84,12.58,2.1094,21.0781,70,42,-10,0,0,0,0,0,0,0,0,0,0,0,0,0,0,0,0,0,0,0,0,0,0,0,
9-24_14:12:06.3287890,3,1195,142.67,3.4609,2.4844,0.3545,28.77,250,0,155,19768,0,0.0834,0,0,0,0,0,0,0,0,50.03,16.81,0.625,16.1562,69,48,-9,0,0,0,0,0,0,0,0,0,0,0,0,0,0,0,0,0,0,0,0,0,0,0,
9-24_14:12:06.6130150,3,1348,142.67,2.0078,1.8047,0.2578,28.98,250,0,177,18056,0,0.08171,0,0,0,0,0,0,0,0,56.52,21.44,1,14.0234,68,51,-12,0,0,0,0,0,0,0,0,0,0,0,0,0,0,0,0,0,0,0,0,0,0,0,
9-24_14:12:06.8852817,3,1510,142.56,1.4609,1.4141,0.2012,29.23,250,0,120,23175,0,0.0802,0,0,0,0,0,0,0,0,63.03,27.44,0.8359,9.4453,67,53,-11,0,0,0,0,0,0,0,0,0,0,0,0,0,0,0,0,0,0,0,0,0,0,0,
9-24_14:12:07.1535728,3,1677,142.52,1.2344,1.1797,0.168,29.48,250,0,129,22904,0,0.07875,0,0,0,0,0,0,0,0,69.88,32.16,1.1328,4.9766,67,53,-16,0,0,0,0,0,0,0,0,0,0,0,0,0,0,0,0,0,0,0,0,0,0,0,
9-24_14:12:07.4388061,3,1840,142.56,1.1328,1.0625,0.1514,29.73,250,0,75,27808,0,0.07748,0,0,0,0,0,0,0,0,76.77,36.39,0.9297,3.375,66,53,-15,0,0,0,0,0,0,0,0,0,0,0,0,0,0,0,0,0,0,0,0,0,0,0,
9-24_14:12:07.7070907,3,2002,142.61,1.2812,1.1016,0.1582,29.96,250,0,10,33720,0,0.07629,0,0,0,0,0,0,0,0,83.95,40.41,0.9531,2.6016,65,53,-14,0,0,0,0,0,0,0,0,0,0,0,0,0,0,0,0,0,0,0,0,0,0,0,
9-24_14:12:07.9763711,3,2166,142.61,1.4062,1.1953,0.1699,30.19,250,0,27,32200,0,0.07524,0,0,0,0,0,0,0,0,90.67,44.48,1.3203,1.6328,63,53,-14,0,0,0,0,0,0,0,0,0,0,0,0,0,0,0,0,0,0,0,0,0,0,0,
9-24_14:12:08.2456542,3,2342,142.86,1.2422,1.1641,0.166,30.38,250,0,291,39519,0,0.07408,0,0,0,0,0,0,0,0,98.08,48.55,0.4844,1.7422,61,53,-2,0,0,0,0,0,0,0,0,0,0,0,0,0,0,0,0,0,0,0,0,0,0,0,
9-24_14:12:08.5149310,3,2476,142.47,1.2578,1.2188,0.1729,30.54,250,0,115,23704,0,0.0732,0,0,0,0,0,0,0,0,104.91,50.84,1.2109,2.1094,59,52,-11,0,0,0,0,0,0,0,0,0,0,0,0,0,0,0,0,0,0,0,0,0,0,0,
9-24_14:12:08.7846943,3,2647,142.47,1.2344,1.2656,0.1807,30.67,250,0,6,33656,0,0.07227,0,0,0,0,0,0,0,0,112.48,54.52,2.0625,2.0625,57,52,-12,0,0,0,0,0,0,0,0,0,0,0,0,0,0,0,0,0,0,0,0,0,0,0,
9-24_14:12:09.0360233,3,2818,142.47,1.4766,1.4922,0.2129,30.82,250,0,142,20287,0,0.07152,0,0,0,0,0,0,0,0,119.19,56.86,1,1.4844,56,51,-1,0,0,0,0,0,0,0,0,0,0,0,0,0,0,0,0,0,0,0,0,0,0,0,
9-24_14:12:09.3202624,3,2881,142.56,1.1953,1.3984,0.1992,30.95,250,0,53,28559,0,0.07027,0,0,0,0,0,0,0,0,126.02,67.22,0.6328,0.7969,54,51,-2,0,0,0,0,0,0,0,0,0,0,0,0,0,0,0,0,0,0,0,0,0,0,0,
9-24_14:12:09.5915077,3,2893,142.61,1.0156,1.2812,0.1826,31.08,250,0,157,51991,0,0.06897,0,0,0,0,0,0,0,0,130.95,60.5,0.7969,1.1406,54,50,-4,0,0,0,0,0,0,0,0,0,0,0,0,0,0,0,0,0,0,0,0,0,0,0,
9-24_14:12:09.8737840,3,2890,142.52,0.9453,1.2031,0.1729,31.19,250,0,81,59048,0,0.06781,0,0,0,0,0,0,0,0,134.5,59.75,1.1016,1.4062,54,50,-6,0,0,0,0,0,0,0,0,0,0,0,0,0,0,0,0,0,0,0,0,0,0,0,
9-24_14:12:10.1440591,3,2898,142.67,0.8672,1.125,0.1602,31.28,250,0,8,65495,0,0.0667,0,0,0,0,0,0,0,0,136.97,56.83,0.8828,1.1328,54,49,-4,0,0,0,0,0,0,0,0,0,0,0,0,0,0,0,0,0,0,0,0,0,0,0,
9-24_14:12:10.4109860,3,2892,142.56,0.8438,1.0781,0.1543,31.36,250,0,113,56232,0,0.0656,0,0,0,0,0,0,0,0,138.56,60.67,0.625,1.1172,54,49,-6,0,0,0,0,0,0,0,0,0,0,0,0,0,0,0,0,0,0,0,0,0,0,0,
9-24_14:12:10.6942285,3,2889,142.47,0.8984,1.0938,0.1563,31.43,250,0,33,63335,0,0.06447,0,0,0,0,0,0,0,0,139.8,65.33,0.7734,0.9688,54,49,-5,0,0,0,0,0,0,0,0,0,0,0,0,0,0,0,0,0,0,0,0,0,0,0,
9-24_14:12:10.9485499,3,2885,142.67,0.9375,1.1172,0.1592,31.49,250,0,319,37111,0,0.06351,0,0,0,0,0,0,0,0,140.61,59.84,1.1406,1.3359,54,49,-3,0,0,0,0,0,0,0,0,0,0,0,0,0,0,0,0,0,0,0,0,0,0,0,
9-24_14:12:11.2198242,3,2892,142.56,0.8906,1.0859,0.1553,31.56,250,0,61,61191,0,0.06252,0,0,0,0,0,0,0,0,141.22,61.41,0.625,0.9844,54,49,-4,0,0,0,0,0,0,0,0,0,0,0,0,0,0,0,0,0,0,0,0,0,0,0,
9-24_14:12:11.5040671,3,2889,142.56,0.8438,1.0469,0.1494,31.62,250,0,160,19640,0,0.06148,0,0,0,0,0,0,0,0,141.62,60.64,0.7969,1.1484,54,49,-7,0,0,0,0,0,0,0,0,0,0,0,0,0,0,0,0,0,0,0,0,0,0,0,
9-24_14:12:11.7859209,3,2888,142.52,0.8828,1.0625,0.1523,31.69,250,0,79,26671,0,0.06061,0,0,0,0,0,0,0,0,141.92,59.67,1.125,1.3594,54,49,-3,0,0,0,0,0,0,0,0,0,0,0,0,0,0,0,0,0,0,0,0,0,0,0,
9-24_14:12:12.0551695,3,2896,142.67,0.8828,1.0625,0.1514,31.74,250,0,356,34600,0,0.05966,0,0,0,0,0,0,0,0,142.14,57.2,0.5703,1.1406,54,49,-7,0,0,0,0,0,0,0,0,0,0,0,0,0,0,0,0,0,0,0,0,0,0,0,
9-24_14:12:12.3244785,3,2900,142.52,0.8516,1.0469,0.1494,31.79,250,0,89,25687,0,0.05882,0,0,0,0,0,0,0,0,142.28,61.11,0.8125,1.1484,54,49,-3,0,0,0,0,0,0,0,0,0,0,0,0,0,0,0,0,0,0,0,0,0,0,0,
9-24_14:12:12.5937601,3,2890,142.67,0.7891,0.9922,0.1426,31.83,250,0,2,33976,0,0.05791,0,0,0,0,0,0,0,0,142.39,58.23,0.7266,1.1719,54,49,-7,0,0,0,0,0,0,0,0,0,0,0,0,0,0,0,0,0,0,0,0,0,0,0,
9-24_14:12:12.8630431,3,2886,142.52,0.7812,0.9688,0.1387,31.84,250,0,113,23175,0,0.05702,0,0,0,0,0,0,0,0,142.45,62.83,0.6016,1.2031,54,49,-3,0,0,0,0,0,0,0,0,0,0,0,0,0,0,0,0,0,0,0,0,0,0,0,
9-24_14:12:13.1332870,3,2893,142.56,0.875,1.0234,0.1455,31.88,250,0,27,31408,0,0.05618,0,0,0,0,0,0,0,0,142.5,63.91,0.9453,1.0547,54,49,-7,0,0,0,0,0,0,0,0,0,0,0,0,0,0,0,0,0,0,0,0,0,0,0,
9-24_14:12:13.4185562,3,2882,142.67,0.8828,1.0391,0.1475,31.95,250,0,167,51248,0,0.05536,0,0,0,0,0,0,0,0,142.53,60.08,0.7891,1.2969,54,49,-6,0,0,0,0,0,0,0,0,0,0,0,0,0,0,0,0,0,0,0,0,0,0,0,
9-24_14:12:13.6878337,3,2867,142.81,1.0078,1.1328,0.1611,31.95,250,0,223,45823,0,0.05472,0,0,0,0,0,0,0,0,142.56,58.44,1.0312,1.2422,54,49,-2,0,0,0,0,0,0,0,0,0,0,0,0,0,0,0,0,0,0,0,0,0,0,0,
9-24_14:12:13.9729976,3,2821,142.77,1.1953,1.2891,0.1846,31.95,250,0,274,40927,0,0.05458,0,0,0,0,0,0,0,0,142.58,59.19,1.7578,2.1484,55,49,0,0,0,0,0,0,0,0,0,0,0,0,0,0,0,0,0,0,0,0,0,0,0,0,
9-24_14:12:14.2273204,3,2728,142.81,1.9219,1.8359,0.2627,31.97,250,0,211,14488,0,0.05562,0,0,0,0,0,0,0,0,142.59,56.94,3.2422,3.4531,57,51,-2,0,0,0,0,0,0,0,0,0,0,0,0,0,0,0,0,0,0,0,0,0,0,0,
9-24_14:12:14.5113464,3,2496,142.77,3.5859,3.125,0.4473,32.05,250,0,334,2376,0,0.05977,0,0,0,0,0,0,0,0,142.61,55.42,6.8125,7.3672,64,54,2,0,0,0,0,0,0,0,0,0,0,0,0,0,0,0,0,0,0,0,0,0,0,0,
9-24_14:12:14.7663203,3,2414,142.72,6.1875,5.4219,0.7686,32.05,250,0,9,32207,0,0.06781,0,0,0,0,0,0,0,0,142.64,55.7,7.8594,9.7812,69,58,4,0,0,0,0,0,0,0,0,0,0,0,0,0,0,0,0,0,0,0,0,0,0,0,
9-24_14:12:15.0505612,3,2373,143.5,7.7109,7.2812,1.0449,32.06,250,0,309,4984,0,0.07739,0,0,0,0,0,0,0,0,142.66,54.47,8.5938,10.6484,71,63,3,0,0,0,0,0,0,0,0,0,0,0,0,0,0,0,0,0,0,0,0,0,0,0,
9-24_14:12:15.3218371,3,2366,143.16,8.3906,8.4375,1.2051,32.14,250,0,329,36072,0,0.08691,0,0,0,0,0,0,0,0,142.69,53.17,8.3906,11,71,66,0,0,0,0,0,0,0,0,0,0,0,0,0,0,0,0,0,0,0,0,0,0,0,0,
9-24_14:12:15.5921044,3,2364,143.66,8.6016,9.2344,1.3145,32.2,250,0,299,38920,0,0.09651,0,0,0,0,0,0,0,0,142.69,52.58,9.3906,10.7266,71,68,0,0,0,0,0,0,0,0,0,0,0,0,0,0,0,0,0,0,0,0,0,0,0,0,
9-24_14:12:15.8603989,3,2368,141.97,8.7266,9.75,1.3848,32.23,250,0,71,59656,0,0.10455,0,0,0,0,0,0,0,0,142.7,53.25,8.6953,10.1406,72,69,0,0,0,0,0,0,0,0,0,0,0,0,0,0,0,0,0,0,0,0,0,0,0,0,
9-24_14:12:16.1426103,3,2348,141.62,8.9531,10.1797,1.4453,32.32,250,0,92,57576,0,0.11368,0,0,0,0,0,0,0,0,142.7,50.64,8.2344,11.1016,72,71,2,0,0,0,0,0,0,0,0,0,0,0,0,0,0,0,0,0,0,0,0,0,0,0,
9-24_14:12:16.3969607,3,2346,143.66,8.9297,10.3594,1.4717,32.45,250,0,284,39879,0,0.12209,0,0,0,0,0,0,0,0,142.7,51.03,9.2969,11.5234,72,72,4,0,0,0,0,0,0,0,0,0,0,0,0,0,0,0,0,0,0,0,0,0,0,0,
9-24_14:12:16.6811999,3,2383,141.83,8.4375,10.1719,1.4492,32.55,250,0,119,22375,0,0.12923,0,0,0,0,0,0,0,0,142.7,58.81,8.7344,9.8516,71,72,2,0,0,0,0,0,0,0,0,0,0,0,0,0,0,0,0,0,0,0,0,0,0,0,
9-24_14:12:16.9355206,3,2380,142.03,8.1875,10.0078,1.4365,32.77,250,0,47,29288,0,0.13602,0,0,0,0,0,0,0,0,142.7,56.03,8.5625,9.5234,71,72,-1,0,0,0,0,0,0,0,0,0,0,0,0,0,0,0,0,0,0,0,0,0,0,0,
9-24_14:12:17.2207574,3,2349,142.67,8.5625,10.2031,1.4482,32.97,250,0,12,64783,0,0.1433,0,0,0,0,0,0,0,0,142.7,52.53,9.2188,11.1953,72,72,2,0,0,0,0,0,0,0,0,0,0,0,0,0,0,0,0,0,0,0,0,0,0,0,
9-24_14:12:17.4740816,3,2363,143.61,8.3438,10.0625,1.4443,33.16,250,0,268,8679,0,0.14948,0,0,0,0,0,0,0,0,142.7,50.42,8.25,11.2344,71,72,4,0,0,0,0,0,0,0,0,0,0,0,0,0,0,0,0,0,0,0,0,0,0,0,
9-24_14:12:17.7599188,3,2386,142.03,8.0938,9.8672,1.417,33.4,250,0,42,61952,0,0.15552,0,0,0,0,0,0,0,0,142.7,60.03,8.0469,9.2031,71,72,0,0,0,0,0,0,0,0,0,0,0,0,0,0,0,0,0,0,0,0,0,0,0,0,
9-24_14:12:18.0292001,3,2391,142.12,7.8594,9.6328,1.3818,33.65,250,0,135,53536,0,0.16124,0,0,0,0,0,0,0,0,142.69,58.98,7.9453,9.4531,71,72,0,0,0,0,0,0,0,0,0,0,0,0,0,0,0,0,0,0,0,0,0,0,0,0,
9-24_14:12:18.3134354,3,2396,142.17,7.7031,9.4375,1.3555,33.95,250,0,145,19655,0,0.16695,0,0,0,0,0,0,0,0,142.69,55.03,7.5156,9.4297,71,72,2,0,0,0,0,0,0,0,0,0,0,0,0,0,0,0,0,0,0,0,0,0,0,0,
9-24_14:12:18.5667572,3,2396,142.81,8.0078,9.5625,1.3672,34.16,250,0,349,34664,0,0.17218,0,0,0,0,0,0,0,0,142.7,48.77,8.6172,9.5234,71,72,-2,0,0,0,0,0,0,0,0,0,0,0,0,0,0,0,0,0,0,0,0,0,0,0,
9-24_14:12:18.8509678,3,2413,141.78,8.2422,9.75,1.3945,34.43,250,0,82,25840,0,0.17725,0,0,0,0,0,0,0,0,142.69,47.03,7.1094,9.0469,71,71,-2,0,0,0,0,0,0,0,0,0,0,0,0,0,0,0,0,0,0,0,0,0,0,0,
9-24_14:12:19.1202790,3,2422,142.72,7.875,9.5469,1.3701,34.7,250,0,8,65048,0,0.18202,0,0,0,0,0,0,0,0,142.7,56.23,7.6953,9.4688,71,71,0,0,0,0,0,0,0,0,0,0,0,0,0,0,0,0,0,0,0,0,0,0,0,0,
9-24_14:12:19.4055551,3,2425,142.86,7.6641,9.3594,1.332,34.95,250,0,348,1704,0,0.1864,0,0,0,0,0,0,0,0,142.7,52.44,8.2422,9.1797,70,71,0,0,0,0,0,0,0,0,0,0,0,0,0,0,0,0,0,0,0,0,0,0,0,0,
9-24_14:12:19.6755311,3,2425,142.17,7.6406,9.2891,1.3252,35.19,250,0,29,30960,0,0.19034,0,0,0,0,0,0,0,0,142.7,55.88,7.2344,9.0625,70,71,-2,0,0,0,0,0,0,0,0,0,0,0,0,0,0,0,0,0,0,0,0,0,0,0,
9-24_14:12:19.9598370,3,2408,142.31,7.5703,9.1875,1.3164,35.46,250,0,148,52087,0,0.19453,0,0,0,0,0,0,0,0,142.69,51.14,7.5781,9.3203,70,70,2,0,0,0,0,0,0,0,0,0,0,0,0,0,0,0,0,0,0,0,0,0,0,0,
9-24_14:12:20.2290832,3,2410,143.36,7.6562,9.1953,1.3105,35.68,250,0,311,38016,0,0.19824,0,0,0,0,0,0,0,0,142.7,54.75,7.6094,8.875,70,70,-2,0,0,0,0,0,0,0,0,0,0,0,0,0,0,0,0,0,0,0,0,0,0,0,
9-24_14:12:20.5119689,3,2423,142.77,7.5078,9.0938,1.2959,35.98,250,0,191,48520,0,0.20166,0,0,0,0,0,0,0,0,142.69,59.08,7.1875,9.3672,70,70,-1,0,0,0,0,0,0,0,0,0,0,0,0,0,0,0,0,0,0,0,0,0,0,0,
9-24_14:12:20.7818839,3,2475,142.91,7.1562,8.8203,1.2588,36.24,250,0,201,47807,0,0.20456,0,0,0,0,0,0,0,0,142.69,55.28,6.2188,7.8828,70,70,0,0,0,0,0,0,0,0,0,0,0,0,0,0,0,0,0,0,0,0,0,0,0,0,
9-24_14:12:21.0511677,3,2487,142.31,6.75,8.4688,1.2031,36.49,250,0,23,64144,0,0.20673,0,0,0,0,0,0,0,0,142.69,55.39,6.1797,7.7891,69,69,-1,0,0,0,0,0,0,0,0,0,0,0,0,0,0,0,0,0,0,0,0,0,0,0,
9-24_14:12:21.3344050,3,2472,143.41,6.7969,8.3594,1.1934,36.75,250,0,286,7568,0,0.20914,0,0,0,0,0,0,0,0,142.69,54.41,7.3906,8.1562,69,69,-2,0,0,0,0,0,0,0,0,0,0,0,0,0,0,0,0,0,0,0,0,0,0,0,
9-24_14:12:21.6056822,3,2466,143.25,6.7969,8.2891,1.1875,36.99,250,0,238,44736,0,0.2112,0,0,0,0,0,0,0,0,142.69,53.5,7.125,7.6484,69,68,-3,0,0,0,0,0,0,0,0,0,0,0,0,0,0,0,0,0,0,0,0,0,0,0,
9-24_14:12:21.8749541,3,2478,142.12,6.5234,8.0469,1.1436,37.26,250,0,77,59159,0,0.21318,0,0,0,0,0,0,0,0,142.69,54.45,6.1094,7.6797,69,68,0,0,0,0,0,0,0,0,0,0,0,0,0,0,0,0,0,0,0,0,0,0,0,0,
9-24_14:12:22.1592003,3,2474,142.81,6.3672,7.8672,1.1279,37.48,250,0,1,33656,0,0.21507,0,0,0,0,0,0,0,0,142.69,54.55,6.9922,8.2891,69,68,-3,0,0,0,0,0,0,0,0,0,0,0,0,0,0,0,0,0,0,0,0,0,0,0,
9-24_14:12:22.4294475,3,2483,142.42,6.5469,7.8906,1.1191,37.72,250,0,156,51983,0,0.21678,0,0,0,0,0,0,0,0,142.67,53.61,6.7969,7.5781,69,68,0,0,0,0,0,0,0,0,0,0,0,0,0,0,0,0,0,0,0,0,0,0,0,0,
9-24_14:12:22.7137160,3,2480,142.17,6.7578,8.0312,1.1514,37.95,250,0,63,27744,0,0.21838,0,0,0,0,0,0,0,0,142.67,54.38,6.7344,7.3359,69,68,-5,0,0,0,0,0,0,0,0,0,0,0,0,0,0,0,0,0,0,0,0,0,0,0,
9-24_14:12:22.9839650,3,2471,143.41,6.9766,8.2109,1.165,38.12,250,0,264,42079,0,0.22006,0,0,0,0,0,0,0,0,142.67,53.22,6.4609,7.7188,69,67,0,0,0,0,0,0,0,0,0,0,0,0,0,0,0,0,0,0,0,0,0,0,0,0,
9-24_14:12:23.2682385,3,2476,142.77,6.7188,8.0781,1.1602,38.29,250,0,198,15248,0,0.22166,0,0,0,0,0,0,0,0,142.66,56.34,6.2031,8.0469,69,67,-2,0,0,0,0,0,0,0,0,0,0,0,0,0,0,0,0,0,0,0,0,0,0,0,
9-24_14:12:23.5365194,3,2481,142.47,6.7266,8.0703,1.1465,38.51,250,0,15,31655,0,0.22321,0,0,0,0,0,0,0,0,142.67,56.17,6.2188,8.1172,69,67,0,0,0,0,0,0,0,0,0,0,0,0,0,0,0,0,0,0,0,0,0,0,0,0,
9-24_14:12:23.8051703,3,2493,143.25,6.8281,8.1406,1.1641,38.66,250,0,232,12672,0,0.22447,0,0,0,0,0,0,0,0,142.66,55.23,6.7344,6.9453,69,67,-4,0,0,0,0,0,0,0,0,0,0,0,0,0,0,0,0,0,0,0,0,0,0,0,
9-24_14:12:24.0754306,3,2505,142.72,6.5547,7.9609,1.1318,38.88,250,0,198,15432,0,0.22557,0,0,0,0,0,0,0,0,142.66,55.91,5.7266,7.3281,69,67,-4,0,0,0,0,0,0,0,0,0,0,0,0,0,0,0,0,0,0,0,0,0,0,0,
9-24_14:12:24.3606381,3,2502,142.56,6.4609,7.8672,1.1172,39.05,250,0,12,64904,0,0.22656,0,0,0,0,0,0,0,0,142.67,57.09,5.9766,7.7109,69,67,-2,0,0,0,0,0,0,0,0,0,0,0,0,0,0,0,0,0,0,0,0,0,0,0,
9-24_14:12:24.6297315,3,2493,141.83,6.4219,7.7969,1.1133,39.26,250,0,96,24616,0,0.22762,0,0,0,0,0,0,0,0,142.67,54.44,6.5156,7.2734,69,67,-3,0,0,0,0,0,0,0,0,0,0,0,0,0,0,0,0,0,0,0,0,0,0,0,
9-24_14:12:24.9149630,3,2481,142.91,6.5781,7.8516,1.123,39.46,250,0,332,2936,0,0.22878,0,0,0,0,0,0,0,0,142.67,53.7,6.9453,7.7188,69,67,0,0,0,0,0,0,0,0,0,0,0,0,0,0,0,0,0,0,0,0,0,0,0,0,
9-24_14:12:25.1692795,3,2469,142.08,6.6641,7.9375,1.1377,39.64,250,0,42,62432,0,0.23015,0,0,0,0,0,0,0,0,142.67,54.41,7.1328,7.7344,69,67,-1,0,0,0,0,0,0,0,0,0,0,0,0,0,0,0,0,0,0,0,0,0,0,0,
9-24_14:12:25.4375630,3,2489,142.22,6.5781,7.8828,1.1182,39.77,250,0,147,20432,0,0.23122,0,0,0,0,0,0,0,0,142.66,53.98,6.1797,7.3594,69,67,-3,0,0,0,0,0,0,0,0,0,0,0,0,0,0,0,0,0,0,0,0,0,0,0,
9-24_14:12:25.7198073,3,2497,142.72,6.4766,7.8125,1.1123,39.93,250,0,197,48223,0,0.23199,0,0,0,0,0,0,0,0,142.66,56.23,5.8203,7.5781,69,67,0,0,0,0,0,0,0,0,0,0,0,0,0,0,0,0,0,0,0,0,0,0,0,0,
9-24_14:12:25.9721319,3,2489,141.92,6.4609,7.7812,1.1123,40.06,250,0,114,55919,0,0.23276,0,0,0,0,0,0,0,0,142.66,53.17,6.7422,7.625,69,67,-1,0,0,0,0,0,0,0,0,0,0,0,0,0,0,0,0,0,0,0,0,0,0,0,
9-24_14:12:26.2603677,3,2475,142.77,6.5234,7.8047,1.1143,40.2,250,0,2,33648,0,0.2338,0,0,0,0,0,0,0,0,142.66,54.14,6.9219,8.2422,69,67,-4,0,0,0,0,0,0,0,0,0,0,0,0,0,0,0,0,0,0,0,0,0,0,0,
9-24_14:12:26.5306441,3,2477,143.02,6.6875,7.9141,1.1348,40.29,250,0,331,3312,0,0.23508,0,0,0,0,0,0,0,0,142.67,54.08,6.7578,7.8359,69,67,0,0,0,0,0,0,0,0,0,0,0,0,0,0,0,0,0,0,0,0,0,0,0,0,
9-24_14:12:26.7995826,3,2474,143.16,6.8828,8.0938,1.1523,40.38,250,0,219,13808,0,0.23643,0,0,0,0,0,0,0,0,142.66,54.09,7.0547,7.5156,69,67,-3,0,0,0,0,0,0,0,0,0,0,0,0,0,0,0,0,0,0,0,0,0,0,0,
9-24_14:12:27.0668351,3,2475,142.52,6.7969,8.1016,1.1504,40.48,250,0,182,49896,0,0.2377,0,0,0,0,0,0,0,0,142.66,54.16,6.875,8.2031,69,68,-3,0,0,0,0,0,0,0,0,0,0,0,0,0,0,0,0,0,0,0,0,0,0,0,
9-24_14:12:27.3510891,3,2468,143.02,6.7891,8.1172,1.1621,40.61,250,0,332,36200,0,0.23903,0,0,0,0,0,0,0,0,142.67,53.83,6.9922,7.9688,69,68,-2,0,0,0,0,0,0,0,0,0,0,0,0,0,0,0,0,0,0,0,0,0,0,0,
9-24_14:12:27.6223670,3,2448,142.08,6.9531,8.2422,1.1787,40.73,250,0,40,62304,0,0.24046,0,0,0,0,0,0,0,0,142.67,54.59,7.2969,7.9844,70,68,0,0,0,0,0,0,0,0,0,0,0,0,0,0,0,0,0,0,0,0,0,0,0,0,
9-24_14:12:27.8926410,3,2453,142.22,7.0156,8.3281,1.1934,40.83,250,0,26,63495,0,0.24193,0,0,0,0,0,0,0,0,142.67,55.06,6.6484,8.3438,70,68,0,0,0,0,0,0,0,0,0,0,0,0,0,0,0,0,0,0,0,0,0,0,0,0,
9-24_14:12:28.1639164,3,2437,143.36,7.1016,8.4141,1.208,40.93,250,0,309,5295,0,0.24319,0,0,0,0,0,0,0,0,142.67,54.36,7.4141,8.4141,70,68,0,0,0,0,0,0,0,0,0,0,0,0,0,0,0,0,0,0,0,0,0,0,0,0,
9-24_14:12:28.4321985,3,2414,142.08,7.4297,8.6875,1.2334,41.04,250,0,140,52847,0,0.24535,0,0,0,0,0,0,0,0,142.66,51.61,7.25,8.6875,70,69,2,0,0,0,0,0,0,0,0,0,0,0,0,0,0,0,0,0,0,0,0,0,0,0,
9-24_14:12:28.7174354,3,2443,141.73,7.6094,8.8906,1.2705,41.16,250,0,88,57751,0,0.24739,0,0,0,0,0,0,0,0,142.67,53.97,6.6797,8.1875,70,69,0,0,0,0,0,0,0,0,0,0,0,0,0,0,0,0,0,0,0,0,0,0,0,0,
9-24_14:12:28.9717598,3,2441,143.45,7.4141,8.8438,1.2559,41.26,250,0,297,6536,0,0.24904,0,0,0,0,0,0,0,0,142.67,55.62,7.7969,8.6328,70,69,-1,0,0,0,0,0,0,0,0,0,0,0,0,0,0,0,0,0,0,0,0,0,0,0,
9-24_14:12:29.2559957,3,2465,142.22,7.1797,8.7109,1.2363,41.31,250,0,134,53583,0,0.25017,0,0,0,0,0,0,0,0,142.66,54.22,6.4844,7.8203,70,69,0,0,0,0,0,0,0,0,0,0,0,0,0,0,0,0,0,0,0,0,0,0,0,0,
9-24_14:12:29.5093211,3,2469,143.25,7.1406,8.6719,1.2363,41.45,250,0,240,11496,0,0.25134,0,0,0,0,0,0,0,0,142.67,54.14,7.0703,7.7266,69,69,-3,0,0,0,0,0,0,0,0,0,0,0,0,0,0,0,0,0,0,0,0,0,0,0,
9-24_14:12:29.7948922,3,2352,143.7,7.5781,8.8984,1.2773,41.55,250,0,255,42375,0,0.25308,0,0,0,0,0,0,0,0,142.66,54.62,8.6875,11.1641,71,69,6,0,0,0,0,0,0,0,0,0,0,0,0,0,0,0,0,0,0,0,0,0,0,0,
9-24_14:12:30.0661640,3,2416,142.17,7.8359,9.1953,1.3135,41.65,250,0,22,30775,0,0.25555,0,0,0,0,0,0,0,0,142.67,57.05,7.3984,9.5156,71,70,2,0,0,0,0,0,0,0,0,0,0,0,0,0,0,0,0,0,0,0,0,0,0,0,
9-24_14:12:30.3489613,3,2468,142.08,7.8516,9.3047,1.3252,41.79,250,0,43,62415,0,0.25792,0,0,0,0,0,0,0,0,142.66,50.08,6.8125,7.4688,70,70,-2,0,0,0,0,0,0,0,0,0,0,0,0,0,0,0,0,0,0,0,0,0,0,0,
9-24_14:12:30.6172451,3,2391,143.02,7.5703,9.0859,1.3037,41.92,250,0,336,2600,0,0.25865,0,0,0,0,0,0,0,0,142.66,50.2,8.3672,10.2188,71,70,2,0,0,0,0,0,0,0,0,0,0,0,0,0,0,0,0,0,0,0,0,0,0,0,
9-24_14:12:30.9015152,3,2373,142.03,8.0781,9.4141,1.3428,42.04,250,0,144,52984,0,0.26114,0,0,0,0,0,0,0,0,142.66,54.42,7.9844,10.0703,71,70,1,0,0,0,0,0,0,0,0,0,0,0,0,0,0,0,0,0,0,0,0,0,0,0,
9-24_14:12:31.1717968,3,2331,143.55,8.875,10.1172,1.4326,42.16,250,0,265,41856,0,0.26517,0,0,0,0,0,0,0,0,142.66,51.19,8.9141,11.8828,72,72,1,0,0,0,0,0,0,0,0,0,0,0,0,0,0,0,0,0,0,0,0,0,0,0,
9-24_14:12:31.4570625,3,2304,143.7,9.625,10.8438,1.5391,42.28,250,0,300,38335,0,0.26984,0,0,0,0,0,0,0,0,142.67,51.77,10.7188,12.1406,72,73,5,0,0,0,0,0,0,0,0,0,0,0,0,0,0,0,0,0,0,0,0,0,0,0,
9-24_14:12:31.7253150,3,2355,143.11,9.6094,11.125,1.5918,42.43,250,0,203,14671,0,0.27409,0,0,0,0,0,0,0,0,142.66,51.67,8.2109,10.0391,72,74,2,0,0,0,0,0,0,0,0,0,0,0,0,0,0,0,0,0,0,0,0,0,0,0,
9-24_14:12:31.9945935,3,2409,141.83,8.9062,10.7656,1.5361,42.55,250,0,116,55695,0,0.27547,0,0,0,0,0,0,0,0,142.67,58.11,8.1719,8.8828,71,73,0,0,0,0,0,0,0,0,0,0,0,0,0,0,0,0,0,0,0,0,0,0,0,0,
9-24_14:12:32.2648396,3,2411,141.73,8.1328,10.1797,1.4551,42.69,250,0,91,24968,0,0.27695,0,0,0,0,0,0,0,0,142.67,53.31,7.1406,9.1172,71,72,-2,0,0,0,0,0,0,0,0,0,0,0,0,0,0,0,0,0,0,0,0,0,0,0,
9-24_14:12:32.5491078,3,2387,142.47,8.375,10.1953,1.46,42.78,250,0,170,17792,0,0.27837,0,0,0,0,0,0,0,0,142.66,48.3,8.6875,9.7812,71,72,-2,0,0,0,0,0,0,0,0,0,0,0,0,0,0,0,0,0,0,0,0,0,0,0,
9-24_14:12:32.8329022,3,2402,143.16,8.375,10.1484,1.4482,42.95,250,0,210,46840,0,0.27994,0,0,0,0,0,0,0,0,142.66,59.81,7.5078,9.2188,71,72,0,0,0,0,0,0,0,0,0,0,0,0,0,0,0,0,0,0,0,0,0,0,0,0,
9-24_14:12:33.1021526,3,2422,143.06,7.9141,9.7891,1.4043,43.11,250,0,207,47040,0,0.28098,0,0,0,0,0,0,0,0,142.64,56.86,7.2109,9.0078,71,71,-1,0,0,0,0,0,0,0,0,0,0,0,0,0,0,0,0,0,0,0,0,0,0,0,
9-24_14:12:33.3714620,3,2403,142.12,7.9297,9.6875,1.3857,43.27,250,0,142,19911,0,0.28215,0,0,0,0,0,0,0,0,142.64,51.8,7.3516,9.1016,71,71,2,0,0,0,0,0,0,0,0,0,0,0,0,0,0,0,0,0,0,0,0,0,0,0,
9-24_14:12:33.6407434,3,2414,142.12,7.8125,9.5547,1.3682,43.43,250,0,50,61279,0,0.2834,0,0,0,0,0,0,0,0,142.66,50.31,8.0234,8.6875,70,71,0,0,0,0,0,0,0,0,0,0,0,0,0,0,0,0,0,0,0,0,0,0,0,0,
9-24_14:12:33.9100234,3,2440,142.61,7.5469,9.3047,1.3281,43.59,250,0,188,48904,0,0.28391,0,0,0,0,0,0,0,0,142.64,54.59,7.2969,9.0469,70,71,-2,0,0,0,0,0,0,0,0,0,0,0,0,0,0,0,0,0,0,0,0,0,0,0,
9-24_14:12:34.1783059,3,2435,143.16,7.375,9.1016,1.293,43.71,250,0,211,46415,0,0.28416,0,0,0,0,0,0,0,0,142.64,54.89,7.1797,8.5312,70,70,2,0,0,0,0,0,0,0,0,0,0,0,0,0,0,0,0,0,0,0,0,0,0,0,
9-24_14:12:34.4629082,3,2432,142.22,7.4688,9.0938,1.3057,43.84,250,0,21,31352,0,0.28474,0,0,0,0,0,0,0,0,142.66,56.7,7.0391,9.0703,70,70,-2,0,0,0,0,0,0,0,0,0,0,0,0,0,0,0,0,0,0,0,0,0,0,0,
9-24_14:12:34.7346808,3,2408,142.91,7.625,9.1484,1.3008,43.95,250,0,335,35776,0,0.28552,0,0,0,0,0,0,0,0,142.66,50.45,8.1172,9.4062,70,70,-1,0,0,0,0,0,0,0,0,0,0,0,0,0,0,0,0,0,0,0,0,0,0,0,
9-24_14:12:35.0059574,3,2388,142.17,7.8516,9.3281,1.3301,44.09,250,0,27,63224,0,0.28699,0,0,0,0,0,0,0,0,142.66,56.34,7.9297,9.7266,71,71,1,0,0,0,0,0,0,0,0,0,0,0,0,0,0,0,0,0,0,0,0,0,0,0,
9-24_14:12:35.2891941,3,2377,143.61,8.2656,9.6562,1.3838,44.23,250,0,266,41896,0,0.28873,0,0,0,0,0,0,0,0,142.66,51.08,7.9766,10.6562,71,71,0,0,0,0,0,0,0,0,0,0,0,0,0,0,0,0,0,0,0,0,0,0,0,0,
9-24_14:12:35.5604382,3,2404,142.03,8.0703,9.6406,1.3682,44.38,250,0,74,26936,0,0.2901,0,0,0,0,0,0,0,0,142.66,48.44,7.75,9.1953,71,71,-2,0,0,0,0,0,0,0,0,0,0,0,0,0,0,0,0,0,0,0,0,0,0,0,
9-24_14:12:35.8303901,3,2436,143.2,7.7109,9.3984,1.3428,44.5,250,0,218,13479,0,0.29037,0,0,0,0,0,0,0,0,142.64,53.2,7.5469,8.1797,70,71,0,0,0,0,0,0,0,0,0,0,0,0,0,0,0,0,0,0,0,0,0,0,0,0,
9-24_14:12:36.0966595,3,2397,143.5,7.7422,9.3594,1.3262,44.62,250,0,298,39144,0,0.29105,0,0,0,0,0,0,0,0,142.64,60.31,8.7656,10.0547,71,71,-1,0,0,0,0,0,0,0,0,0,0,0,0,0,0,0,0,0,0,0,0,0,0,0,
9-24_14:12:36.3639447,3,2358,143.02,8.1172,9.5859,1.3691,44.74,250,0,341,2128,0,0.29254,0,0,0,0,0,0,0,0,142.66,52.25,8.8906,10.9688,71,71,2,0,0,0,0,0,0,0,0,0,0,0,0,0,0,0,0,0,0,0,0,0,0,0,
9-24_14:12:36.6471847,3,2385,142.12,8.5156,9.9375,1.417,44.89,250,0,142,20303,0,0.2941,0,0,0,0,0,0,0,0,142.64,55.61,7.6719,9.7969,71,71,1,0,0,0,0,0,0,0,0,0,0,0,0,0,0,0,0,0,0,0,0,0,0,0,
9-24_14:12:36.9025052,3,2457,143.36,7.6797,9.4844,1.3477,45.03,250,0,305,38407,0,0.29388,0,0,0,0,0,0,0,0,142.66,55.55,7.1562,8.0703,70,71,0,0,0,0,0,0,0,0,0,0,0,0,0,0,0,0,0,0,0,0,0,0,0,0,
9-24_14:12:37.1727802,3,2466,142.27,7.2031,9.0547,1.293,45.13,250,0,23,30927,0,0.29306,0,0,0,0,0,0,0,0,142.64,55.55,6.4141,8.0625,70,70,0,0,0,0,0,0,0,0,0,0,0,0,0,0,0,0,0,0,0,0,0,0,0,0,
9-24_14:12:37.4430567,3,2388,142.03,7.625,9.1953,1.3135,45.25,250,0,132,21144,0,0.2934,0,0,0,0,0,0,0,0,142.64,58.03,8.1406,9.4453,71,70,-1,0,0,0,0,0,0,0,0,0,0,0,0,0,0,0,0,0,0,0,0,0,0,0,
9-24_14:12:37.7123455,3,2318,141.53,8.4922,9.7891,1.3906,45.39,250,0,106,23368,0,0.29572,0,0,0,0,0,0,0,0,142.64,52.45,9.3594,11.8672,72,71,0,0,0,0,0,0,0,0,0,0,0,0,0,0,0,0,0,0,0,0,0,0,0,0,
9-24_14:12:37.9636660,3,2301,143.5,9.2969,10.5,1.502,45.5,250,0,233,11632,0,0.29895,0,0,0,0,0,0,0,0,142.64,51.69,10.3672,11.4609,72,72,2,0,0,0,0,0,0,0,0,0,0,0,0,0,0,0,0,0,0,0,0,0,0,0,
9-24_14:12:38.2488741,3,2398,142.31,9.1016,10.6406,1.5127,45.56,250,0,155,51864,0,0.30151,0,0,0,0,0,0,0,0,142.64,51.28,7.6406,9.0312,72,73,-1,0,0,0,0,0,0,0,0,0,0,0,0,0,0,0,0,0,0,0,0,0,0,0,
9-24_14:12:38.5191792,3,2438,142.17,8.1406,10.0625,1.4395,45.68,250,0,49,61584,0,0.30138,0,0,0,0,0,0,0,0,142.66,53.67,7.5469,8.0156,71,72,-2,0,0,0,0,0,0,0,0,0,0,0,0,0,0,0,0,0,0,0,0,0,0,0,
9-24_14:12:38.7887005,3,2393,143.41,7.9688,9.8125,1.4023,45.82,250,0,320,36695,0,0.3017,0,0,0,0,0,0,0,0,142.66,55.08,7.7734,9.7578,71,72,3,0,0,0,0,0,0,0,0,0,0,0,0,0,0,0,0,0,0,0,0,0,0,0,
9-24_14:12:39.0749647,3,2329,142.86,8.5391,10.1172,1.4316,45.94,250,0,345,1656,0,0.30357,0,0,0,0,0,0,0,0,142.66,52.14,9.5703,11.9062,72,72,3,0,0,0,0,0,0,0,0,0,0,0,0,0,0,0,0,0,0,0,0,0,0,0,
9-24_14:12:39.3454388,3,2277,142.77,9.4922,10.8359,1.5557,46.06,250,0,4,32415,0,0.30641,0,0,0,0,0,0,0,0,142.66,52.16,11.2734,13.1953,72,73,6,0,0,0,0,0,0,0,0,0,0,0,0,0,0,0,0,0,0,0,0,0,0,0,
9-24_14:12:39.6156838,3,2323,143.16,9.7969,11.2656,1.6172,46.17,250,0,204,46791,0,0.30946,0,0,0,0,0,0,0,0,142.64,52.22,8.8594,10.7734,73,74,5,0,0,0,0,0,0,0,0,0,0,0,0,0,0,0,0,0,0,0,0,0,0,0,
9-24_14:12:39.8825242,3,2327,143.45,9.9844,11.5625,1.6514,46.32,250,0,246,43351,0,0.31172,0,0,0,0,0,0,0,0,142.64,51.67,9.7734,11.4453,73,74,3,0,0,0,0,0,0,0,0,0,0,0,0,0,0,0,0,0,0,0,0,0,0,0,
9-24_14:12:40.1683715,3,2339,143.02,9.5312,11.3906,1.6143,46.48,250,0,350,34007,0,0.31378,0,0,0,0,0,0,0,0,142.66,51.22,9.5625,11.2812,72,74,3,0,0,0,0,0,0,0,0,0,0,0,0,0,0,0,0,0,0,0,0,0,0,0,
9-24_14:12:40.4209235,3,2336,142.52,9.2422,11.1953,1.5908,46.61,250,0,182,16800,0,0.31546,0,0,0,0,0,0,0,0,142.64,51.56,9.8125,11.5156,72,74,0,0,0,0,0,0,0,0,0,0,0,0,0,0,0,0,0,0,0,0,0,0,0,0,
9-24_14:12:40.7052329,3,2368,142.86,8.9844,10.9922,1.5605,46.73,250,0,196,48015,0,0.31667,0,0,0,0,0,0,0,0,142.64,52.47,8.4062,10.2344,72,74,3,0,0,0,0,0,0,0,0,0,0,0,0,0,0,0,0,0,0,0,0,0,0,0,
9-24_14:12:40.9880656,3,2339,142.86,9.0078,10.9297,1.5518,46.8,250,0,196,47879,0,0.31819,0,0,0,0,0,0,0,0,142.64,51.98,9.1641,11.0938,72,74,4,0,0,0,0,0,0,0,0,0,0,0,0,0,0,0,0,0,0,0,0,0,0,0,
9-24_14:12:41.2593574,3,2356,143.5,8.8516,10.7812,1.541,46.94,250,0,294,39488,0,0.31935,0,0,0,0,0,0,0,0,142.64,53.08,9.6328,11.125,72,74,0,0,0,0,0,0,0,0,0,0,0,0,0,0,0,0,0,0,0,0,0,0,0,0,
9-24_14:12:41.5286150,3,2342,142.38,8.9297,10.7812,1.5488,47.16,250,0,173,17351,0,0.32065,0,0,0,0,0,0,0,0,142.64,51.66,9.5391,11.1719,72,74,2,0,0,0,0,0,0,0,0,0,0,0,0,0,0,0,0,0,0,0,0,0,0,0,
9-24_14:12:41.7985342,3,2337,141.83,8.9688,10.7891,1.5498,47.3,250,0,68,26871,0,0.32198,0,0,0,0,0,0,0,0,142.66,51.97,9.3203,11.0703,72,74,3,0,0,0,0,0,0,0,0,0,0,0,0,0,0,0,0,0,0,0,0,0,0,0,
9-24_14:12:42.0668088,3,2361,141.78,8.9766,10.7969,1.5488,47.49,250,0,77,25775,0,0.32332,0,0,0,0,0,0,0,0,142.66,51.52,8.5625,10.5547,72,74,2,0,0,0,0,0,0,0,0,0,0,0,0,0,0,0,0,0,0,0,0,0,0,0,
9-24_14:12:42.3360915,3,2352,143.55,8.9453,10.7656,1.5439,47.62,250,0,271,41087,0,0.32433,0,0,0,0,0,0,0,0,142.64,50.89,8.4766,11.4531,72,74,4,0,0,0,0,0,0,0,0,0,0,0,0,0,0,0,0,0,0,0,0,0,0,0,
9-24_14:12:42.6053737,3,2354,143.45,8.9062,10.7344,1.5391,47.8,250,0,250,43103,0,0.3255,0,0,0,0,0,0,0,0,142.64,52.06,9.1328,10.9141,72,74,3,0,0,0,0,0,0,0,0,0,0,0,0,0,0,0,0,0,0,0,0,0,0,0,
9-24_14:12:42.8756558,3,2369,141.83,8.9062,10.7266,1.5234,47.94,250,0,77,58687,0,0.3264,0,0,0,0,0,0,0,0,142.64,51.14,8.1562,10.1562,72,74,1,0,0,0,0,0,0,0,0,0,0,0,0,0,0,0,0,0,0,0,0,0,0,0,
9-24_14:12:43.1449270,3,2367,143.25,8.5781,10.4688,1.5029,48.09,250,0,225,12592,0,0.32675,0,0,0,0,0,0,0,0,142.62,54.88,8.8594,9.9766,71,73,0,0,0,0,0,0,0,0,0,0,0,0,0,0,0,0,0,0,0,0,0,0,0,0,
9-24_14:12:43.4301345,3,2360,142.61,8.6484,10.4609,1.4893,48.28,250,0,185,48671,0,0.32742,0,0,0,0,0,0,0,0,142.62,52.16,9.1953,10.9531,72,73,2,0,0,0,0,0,0,0,0,0,0,0,0,0,0,0,0,0,0,0,0,0,0,0,
9-24_14:12:43.6844880,3,2358,143.61,8.8594,10.5781,1.5,48.47,250,0,298,39000,0,0.32835,0,0,0,0,0,0,0,0,142.64,53.47,9.5859,10.9922,72,73,0,0,0,0,0,0,0,0,0,0,0,0,0,0,0,0,0,0,0,0,0,0,0,0,
9-24_14:12:43.9687239,3,2346,143.02,8.8906,10.6094,1.5088,48.6,250,0,335,2688,0,0.32925,0,0,0,0,0,0,0,0,142.64,52.52,8.6797,11.1094,72,73,2,0,0,0,0,0,0,0,0,0,0,0,0,0,0,0,0,0,0,0,0,0,0,0,
9-24_14:12:44.2504772,3,2348,142.86,8.9531,10.6797,1.5166,48.75,250,0,344,1888,0,0.3304,0,0,0,0,0,0,0,0,142.64,51.7,9.4375,11.4453,72,73,1,0,0,0,0,0,0,0,0,0,0,0,0,0,0,0,0,0,0,0,0,0,0,0,
9-24_14:12:44.5216579,3,2367,141.78,8.8438,10.6328,1.5264,48.88,250,0,78,58912,0,0.33107,0,0,0,0,0,0,0,0,142.62,50.91,8.125,10.6094,72,73,0,0,0,0,0,0,0,0,0,0,0,0,0,0,0,0,0,0,0,0,0,0,0,0,
9-24_14:12:44.7915198,3,2359,143.61,8.7891,10.5859,1.5176,49.02,250,0,264,41687,0,0.33174,0,0,0,0,0,0,0,0,142.62,50.94,8.2812,11.4219,72,73,5,0,0,0,0,0,0,0,0,0,0,0,0,0,0,0,0,0,0,0,0,0,0,0,
9-24_14:12:45.0787748,3,2334,141.92,9.1641,10.8281,1.5537,49.16,250,0,55,61072,0,0.33302,0,0,0,0,0,0,0,0,142.64,52.75,9.4609,10.375,72,74,1,0,0,0,0,0,0,0,0,0,0,0,0,0,0,0,0,0,0,0,0,0,0,0,
9-24_14:12:45.3610203,3,2347,143.5,8.8281,10.6562,1.5166,49.32,250,0,310,4856,0,0.33353,0,0,0,0,0,0,0,0,142.64,53.77,9.4141,11.1797,72,73,2,0,0,0,0,0,0,0,0,0,0,0,0,0,0,0,0,0,0,0,0,0,0,0,
9-24_14:12:45.6292481,3,2354,143.5,8.8906,10.6797,1.5137,49.51,250,0,306,38312,0,0.33412,0,0,0,0,0,0,0,0,142.62,53.3,9.3672,11.0234,72,73,0,0,0,0,0,0,0,0,0,0,0,0,0,0,0,0,0,0,0,0,0,0,0,0,
9-24_14:12:45.8995556,3,2343,142.17,8.7109,10.5312,1.5137,49.64,250,0,153,52104,0,0.3344,0,0,0,0,0,0,0,0,142.61,51.89,8.5859,10.9453,72,73,2,0,0,0,0,0,0,0,0,0,0,0,0,0,0,0,0,0,0,0,0,0,0,0,
9-24_14:12:46.1688351,3,2409,143.31,8.5156,10.3984,1.4766,49.79,250,0,235,12031,0,0.33461,0,0,0,0,0,0,0,0,142.62,52.67,8.3594,8.7812,71,73,0,0,0,0,0,0,0,0,0,0,0,0,0,0,0,0,0,0,0,0,0,0,0,0,
9-24_14:12:46.4510858,3,2389,143.31,8.0312,9.9766,1.415,49.91,250,0,241,44015,0,0.33412,0,0,0,0,0,0,0,0,142.62,52.89,8.6797,9.4062,71,72,3,0,0,0,0,0,0,0,0,0,0,0,0,0,0,0,0,0,0,0,0,0,0,0,
9-24_14:12:46.7054024,3,2401,141.67,8.0391,9.8672,1.4043,50.02,250,0,96,57416,0,0.33379,0,0,0,0,0,0,0,0,142.62,49.5,7.4375,9.3984,71,72,0,0,0,0,0,0,0,0,0,0,0,0,0,0,0,0,0,0,0,0,0,0,0,0,
9-24_14:12:46.9736822,3,2448,143.2,7.7734,9.6094,1.3662,50.14,250,0,243,44047,0,0.33292,0,0,0,0,0,0,0,0,142.61,53.95,7.375,8.0156,70,71,0,0,0,0,0,0,0,0,0,0,0,0,0,0,0,0,0,0,0,0,0,0,0,0,
9-24_14:12:47.2429629,3,2447,142.91,7.5234,9.3281,1.3271,50.28,250,0,333,35728,0,0.33148,0,0,0,0,0,0,0,0,142.62,53.14,7.3516,8.4141,70,71,-2,0,0,0,0,0,0,0,0,0,0,0,0,0,0,0,0,0,0,0,0,0,0,0,
9-24_14:12:47.5291963,3,2446,142.56,7.4766,9.1797,1.3154,50.41,250,0,182,49536,0,0.33026,0,0,0,0,0,0,0,0,142.61,54.39,7.4453,8.7422,70,70,-2,0,0,0,0,0,0,0,0,0,0,0,0,0,0,0,0,0,0,0,0,0,0,0,
9-24_14:12:47.7831671,3,2453,141.83,7.4219,9.0703,1.2881,50.49,250,0,112,23248,0,0.32901,0,0,0,0,0,0,0,0,142.61,54.19,7.4141,8.1797,70,70,-4,0,0,0,0,0,0,0,0,0,0,0,0,0,0,0,0,0,0,0,0,0,0,0,
9-24_14:12:48.0663798,3,2459,143.25,7.1875,8.8516,1.2568,50.61,250,0,251,43536,0,0.32758,0,0,0,0,0,0,0,0,142.61,54.62,6.7969,7.8906,70,70,-3,0,0,0,0,0,0,0,0,0,0,0,0,0,0,0,0,0,0,0,0,0,0,0,
9-24_14:12:48.3366574,3,2396,142.77,7.1875,8.7891,1.249,50.7,250,0,341,34727,0,0.32637,0,0,0,0,0,0,0,0,142.62,53.16,8.5,9.9531,70,70,4,0,0,0,0,0,0,0,0,0,0,0,0,0,0,0,0,0,0,0,0,0,0,0,
9-24_14:12:48.6219362,3,2409,143.31,7.5078,8.9609,1.2842,50.77,250,0,239,43879,0,0.32547,0,0,0,0,0,0,0,0,142.61,51.02,8.3438,8.8438,70,70,2,0,0,0,0,0,0,0,0,0,0,0,0,0,0,0,0,0,0,0,0,0,0,0,
9-24_14:12:48.8752162,3,2371,141.92,7.9141,9.2422,1.3271,50.88,250,0,52,61064,0,0.32529,0,0,0,0,0,0,0,0,142.61,57.38,8.75,9.6641,71,70,0,0,0,0,0,0,0,0,0,0,0,0,0,0,0,0,0,0,0,0,0,0,0,0,
9-24_14:12:49.1604864,3,2402,143.31,8.2969,9.6094,1.3662,50.96,250,0,232,44960,0,0.32545,0,0,0,0,0,0,0,0,142.61,55.12,8.4922,9,71,71,-2,0,0,0,0,0,0,0,0,0,0,0,0,0,0,0,0,0,0,0,0,0,0,0,
9-24_14:12:49.4138082,3,2381,142.17,8.3828,9.8047,1.3916,51.02,250,0,149,52383,0,0.32559,0,0,0,0,0,0,0,0,142.59,53.77,7.8828,9.8047,71,71,2,0,0,0,0,0,0,0,0,0,0,0,0,0,0,0,0,0,0,0,0,0,0,0,
9-24_14:12:49.6990418,3,2370,142.17,8.3672,9.875,1.416,51.09,250,0,20,30863,0,0.32597,0,0,0,0,0,0,0,0,142.61,54.3,8.1172,10.1094,71,71,4,0,0,0,0,0,0,0,0,0,0,0,0,0,0,0,0,0,0,0,0,0,0,0,
9-24_14:12:49.9533686,3,2399,142.47,8.5625,10.0703,1.4287,51.18,250,0,16,32144,0,0.32645,0,0,0,0,0,0,0,0,142.61,53.14,7.7266,9.7734,71,72,-1,0,0,0,0,0,0,0,0,0,0,0,0,0,0,0,0,0,0,0,0,0,0,0,
9-24_14:12:50.2366067,3,2373,143.2,8.4609,10.0781,1.4375,51.26,250,0,219,13448,0,0.32668,0,0,0,0,0,0,0,0,142.59,54.8,8.4297,9.5234,71,72,0,0,0,0,0,0,0,0,0,0,0,0,0,0,0,0,0,0,0,0,0,0,0,0,
9-24_14:12:50.5065025,3,2378,142.81,8.4688,10.1016,1.4453,51.37,250,0,356,33816,0,0.32698,0,0,0,0,0,0,0,0,142.61,49.72,9.1641,10.4375,71,72,-2,0,0,0,0,0,0,0,0,0,0,0,0,0,0,0,0,0,0,0,0,0,0,0,
9-24_14:12:50.7903808,3,2400,142.03,8.4766,10.1172,1.4395,51.45,250,0,139,20976,0,0.32689,0,0,0,0,0,0,0,0,142.61,55.61,7.5156,8.9844,71,72,-2,0,0,0,0,0,0,0,0,0,0,0,0,0,0,0,0,0,0,0,0,0,0,0,
9-24_14:12:51.0596629,3,2374,142.22,8.6016,10.2266,1.4531,51.5,250,0,161,51464,0,0.32663,0,0,0,0,0,0,0,0,142.59,53.44,8.4062,10.1641,71,72,0,0,0,0,0,0,0,0,0,0,0,0,0,0,0,0,0,0,0,0,0,0,0,0,
9-24_14:12:51.3279377,3,2310,141.73,8.8828,10.4531,1.4834,51.55,250,0,71,59352,0,0.3279,0,0,0,0,0,0,0,0,142.61,51.86,9.9297,12.1016,72,72,3,0,0,0,0,0,0,0,0,0,0,0,0,0,0,0,0,0,0,0,0,0,0,0,
9-24_14:12:51.5982218,3,2333,143.61,9.2578,10.8203,1.5527,51.61,250,0,299,38880,0,0.33005,0,0,0,0,0,0,0,0,142.62,52.83,10.0859,11.5859,72,73,0,0,0,0,0,0,0,0,0,0,0,0,0,0,0,0,0,0,0,0,0,0,0,0,
9-24_14:12:51.8665095,3,2339,142.77,9.1484,10.8438,1.5547,51.68,250,0,190,48320,0,0.33102,0,0,0,0,0,0,0,0,142.61,52.34,9.5,11.3906,72,73,1,0,0,0,0,0,0,0,0,0,0,0,0,0,0,0,0,0,0,0,0,0,0,0,
9-24_14:12:52.1367758,3,2338,143.16,9.4922,11.1172,1.5859,51.78,250,0,324,36632,0,0.33258,0,0,0,0,0,0,0,0,142.61,52.3,8.7266,11.1172,72,74,0,0,0,0,0,0,0,0,0,0,0,0,0,0,0,0,0,0,0,0,0,0,0,0,
9-24_14:12:52.4219866,3,2366,143.11,8.9453,10.8281,1.5547,51.86,250,0,325,3592,0,0.33315,0,0,0,0,0,0,0,0,142.61,53.36,8.1797,10.9062,72,74,2,0,0,0,0,0,0,0,0,0,0,0,0,0,0,0,0,0,0,0,0,0,0,0,
9-24_14:12:52.6912990,3,2331,142.86,9.125,10.9141,1.5645,51.98,250,0,349,1120,0,0.33424,0,0,0,0,0,0,0,0,142.61,51.95,9.7266,11.8047,72,74,2,0,0,0,0,0,0,0,0,0,0,0,0,0,0,0,0,0,0,0,0,0,0,0,
9-24_14:12:52.9615763,3,2362,143.06,8.9844,10.8281,1.5537,52.07,250,0,206,14296,0,0.33493,0,0,0,0,0,0,0,0,142.59,53.23,8.0625,10.0469,72,74,0,0,0,0,0,0,0,0,0,0,0,0,0,0,0,0,0,0,0,0,0,0,0,0,
9-24_14:12:53.2438228,3,2397,143.41,8.6797,10.5938,1.5098,52.19,250,0,308,38344,0,0.33476,0,0,0,0,0,0,0,0,142.61,59.69,8.2734,9.3047,71,73,-2,0,0,0,0,0,0,0,0,0,0,0,0,0,0,0,0,0,0,0,0,0,0,0,
9-24_14:12:53.5150957,3,2425,143.36,8.0391,10.0781,1.4434,52.3,250,0,308,38400,0,0.33391,0,0,0,0,0,0,0,0,142.61,54.75,7.6562,8.5469,71,72,-2,0,0,0,0,0,0,0,0,0,0,0,0,0,0,0,0,0,0,0,0,0,0,0,
9-24_14:12:53.7849928,3,2426,141.67,7.7344,9.6875,1.375,52.4,250,0,92,24567,0,0.33261,0,0,0,0,0,0,0,0,142.61,54.16,7.0469,8.5703,70,71,1,0,0,0,0,0,0,0,0,0,0,0,0,0,0,0,0,0,0,0,0,0,0,0,
9-24_14:12:54.0692512,3,2439,142.91,7.5938,9.4531,1.3535,52.52,250,0,332,35735,0,0.33142,0,0,0,0,0,0,0,0,142.61,51.89,7.4766,8.7578,70,71,2,0,0,0,0,0,0,0,0,0,0,0,0,0,0,0,0,0,0,0,0,0,0,0,
9-24_14:12:54.3235707,3,2457,143.36,7.4844,9.25,1.3193,52.61,250,0,285,7511,0,0.33026,0,0,0,0,0,0,0,0,142.59,54.31,7.6953,8.0859,70,70,-1,0,0,0,0,0,0,0,0,0,0,0,0,0,0,0,0,0,0,0,0,0,0,0,
9-24_14:12:54.6087799,3,2448,141.92,7.3125,9.0312,1.2832,52.72,250,0,74,26191,0,0.3288,0,0,0,0,0,0,0,0,142.59,53.38,6.5703,8.3984,70,70,0,0,0,0,0,0,0,0,0,0,0,0,0,0,0,0,0,0,0,0,0,0,0,0,
9-24_14:12:54.8770313,3,2438,142.77,7.3516,8.9766,1.2783,52.8,250,0,195,15808,0,0.32764,0,0,0,0,0,0,0,0,142.58,55.39,6.9062,8.9844,70,70,-2,0,0,0,0,0,0,0,0,0,0,0,0,0,0,0,0,0,0,0,0,0,0,0,
9-24_14:12:55.1623004,3,2449,142.17,7.3516,8.9297,1.2803,52.89,250,0,25,31416,0,0.32643,0,0,0,0,0,0,0,0,142.59,54.98,6.7891,8.6875,70,70,-2,0,0,0,0,0,0,0,0,0,0,0,0,0,0,0,0,0,0,0,0,0,0,0,
9-24_14:12:55.4166224,3,2441,143.31,7.375,8.9062,1.2656,52.97,250,0,309,5280,0,0.32533,0,0,0,0,0,0,0,0,142.58,54.03,7.2266,8.1562,70,70,-1,0,0,0,0,0,0,0,0,0,0,0,0,0,0,0,0,0,0,0,0,0,0,0,
9-24_14:12:55.7018567,3,2437,141.67,7.2969,8.8281,1.252,53.05,250,0,101,24480,0,0.32408,0,0,0,0,0,0,0,0,142.58,55.3,7.5469,8.4297,70,69,-2,0,0,0,0,0,0,0,0,0,0,0,0,0,0,0,0,0,0,0,0,0,0,0,
9-24_14:12:55.9541845,3,2441,142.72,7.25,8.7734,1.251,53.11,250,0,8,65455,0,0.32298,0,0,0,0,0,0,0,0,142.58,55.23,7.3281,9.1016,70,69,0,0,0,0,0,0,0,0,0,0,0,0,0,0,0,0,0,0,0,0,0,0,0,0,
9-24_14:12:56.2404006,3,2446,141.83,7.1953,8.7109,1.2441,53.2,250,0,121,22760,0,0.32167,0,0,0,0,0,0,0,0,142.58,54.25,7.3828,8.3594,70,69,-4,0,0,0,0,0,0,0,0,0,0,0,0,0,0,0,0,0,0,0,0,0,0,0,
9-24_14:12:56.5106631,3,2403,142.86,7.5391,8.9062,1.2744,53.27,250,0,340,35400,0,0.32079,0,0,0,0,0,0,0,0,142.58,50.28,8.1719,9.5312,70,69,-1,0,0,0,0,0,0,0,0,0,0,0,0,0,0,0,0,0,0,0,0,0,0,0,
9-24_14:12:56.7935339,3,2411,143.45,7.8516,9.1484,1.3105,53.33,250,0,283,7639,0,0.3206,0,0,0,0,0,0,0,0,142.58,53.36,8.2734,9.375,71,70,0,0,0,0,0,0,0,0,0,0,0,0,0,0,0,0,0,0,0,0,0,0,0,0,
9-24_14:12:57.0478233,3,2423,142.77,7.6094,9.0781,1.292,53.39,250,0,357,33600,0,0.32024,0,0,0,0,0,0,0,0,142.58,55.86,8.1641,9.3281,70,70,-2,0,0,0,0,0,0,0,0,0,0,0,0,0,0,0,0,0,0,0,0,0,0,0,
9-24_14:12:57.3326793,3,2382,141.58,7.9297,9.3047,1.3223,53.44,250,0,88,25056,0,0.32025,0,0,0,0,0,0,0,0,142.58,48.73,7.6953,10.3203,71,70,0,0,0,0,0,0,0,0,0,0,0,0,0,0,0,0,0,0,0,0,0,0,0,0,
9-24_14:12:57.5866588,3,2357,142.38,8.4609,9.7422,1.3848,53.51,250,0,168,17519,0,0.32133,0,0,0,0,0,0,0,0,142.58,51.3,9.1328,10.8594,71,71,2,0,0,0,0,0,0,0,0,0,0,0,0,0,0,0,0,0,0,0,0,0,0,0,
9-24_14:12:57.8707465,3,2398,142.22,8.6562,10.0391,1.4385,53.55,250,0,156,51768,0,0.32228,0,0,0,0,0,0,0,0,142.58,51.27,7.7812,9.6172,71,72,-1,0,0,0,0,0,0,0,0,0,0,0,0,0,0,0,0,0,0,0,0,0,0,0,
9-24_14:12:58.1430197,3,2375,142.67,8.4062,10.0078,1.4199,53.61,250,0,6,32616,0,0.32268,0,0,0,0,0,0,0,0,142.59,49.53,8.9922,10.7656,71,72,-1,0,0,0,0,0,0,0,0,0,0,0,0,0,0,0,0,0,0,0,0,0,0,0,
9-24_14:12:58.4132944,3,2374,142.56,8.3438,9.9922,1.4326,53.63,250,0,188,48800,0,0.32336,0,0,0,0,0,0,0,0,142.58,53.47,8.6953,10.5703,71,72,-1,0,0,0,0,0,0,0,0,0,0,0,0,0,0,0,0,0,0,0,0,0,0,0,
9-24_14:12:58.6975364,3,2418,141.92,8.5,10.1406,1.4404,53.69,250,0,49,29000,0,0.32373,0,0,0,0,0,0,0,0,142.59,52.02,7.8438,8.3203,71,72,-4,0,0,0,0,0,0,0,0,0,0,0,0,0,0,0,0,0,0,0,0,0,0,0,
9-24_14:12:58.9677830,3,2366,143.36,8.6641,10.3047,1.4756,53.73,250,0,247,43720,0,0.32436,0,0,0,0,0,0,0,0,142.58,54.53,8.8125,10.875,71,72,0,0,0,0,0,0,0,0,0,0,0,0,0,0,0,0,0,0,0,0,0,0,0,0,
9-24_14:12:59.2512089,3,2395,141.83,8.1875,10.0156,1.4355,53.78,250,0,46,29176,0,0.32446,0,0,0,0,0,0,0,0,142.59,56.69,8.3359,8.9453,71,72,-2,0,0,0,0,0,0,0,0,0,0,0,0,0,0,0,0,0,0,0,0,0,0,0,
9-24_14:12:59.5206459,3,2363,141.88,8.1797,9.9062,1.4141,53.83,250,0,141,52904,0,0.32471,0,0,0,0,0,0,0,0,142.58,53.62,8.125,10.6719,71,72,1,0,0,0,0,0,0,0,0,0,0,0,0,0,0,0,0,0,0,0,0,0,0,0,
9-24_14:12:59.8070536,3,2380,142.91,8.5859,10.1641,1.4521,53.88,250,0,205,14672,0,0.3259,0,0,0,0,0,0,0,0,142.58,53.28,7.75,9.7344,71,73,0,0,0,0,0,0,0,0,0,0,0,0,0,0,0,0,0,0,0,0,0,0,0,0,
9-24_14:13:00.0773210,3,2370,143.11,8.1094,9.8906,1.416,53.94,250,0,212,46736,0,0.32574,0,0,0,0,0,0,0,0,142.56,57.92,8.25,9.8438,71,72,0,0,0,0,0,0,0,0,0,0,0,0,0,0,0,0,0,0,0,0,0,0,0,0,
9-24_14:13:00.3617174,3,2290,142.42,9.2266,10.625,1.5195,53.98,250,0,176,49511,0,0.32808,0,0,0,0,0,0,0,0,142.58,50.78,10.6328,12.5391,72,73,5,0,0,0,0,0,0,0,0,0,0,0,0,0,0,0,0,0,0,0,0,0,0,0,
9-24_14:13:00.6150422,3,2352,141.73,9.3594,10.8906,1.5576,54.06,250,0,120,22672,0,0.32967,0,0,0,0,0,0,0,0,142.58,52.56,9.2266,10.8984,72,74,-2,0,0,0,0,0,0,0,0,0,0,0,0,0,0,0,0,0,0,0,0,0,0,0,
9-24_14:13:00.8992765,3,2311,141.73,9.5938,11.1797,1.5928,54.16,250,0,73,26191,0,0.33173,0,0,0,0,0,0,0,0,142.59,51.06,9.9141,11.9141,72,74,4,0,0,0,0,0,0,0,0,0,0,0,0,0,0,0,0,0,0,0,0,0,0,0,
9-24_14:13:01.1705495,3,2246,142.95,10.4141,11.875,1.6953,54.27,250,0,346,1376,0,0.33507,0,0,0,0,0,0,0,0,142.59,50.75,10.7656,14.0938,73,75,5,0,0,0,0,0,0,0,0,0,0,0,0,0,0,0,0,0,0,0,0,0,0,0,
9-24_14:13:01.4558163,3,2193,141.38,11.2344,12.7031,1.7969,54.36,250,0,115,55016,0,0.33974,0,0,0,0,0,0,0,0,142.58,50.17,11.8828,13.6641,74,77,6,0,0,0,0,0,0,0,0,0,0,0,0,0,0,0,0,0,0,0,0,0,0,0,
9-24_14:13:01.7081427,3,2178,141.33,11.6797,13.2891,1.9043,54.5,250,0,112,22360,0,0.34456,0,0,0,0,0,0,0,0,142.59,49.23,11.9297,14,74,78,5,0,0,0,0,0,0,0,0,0,0,0,0,0,0,0,0,0,0,0,0,0,0,0,
9-24_14:13:01.9923542,3,2216,141.33,11.9453,13.7891,1.958,54.62,250,0,79,25488,0,0.34947,0,0,0,0,0,0,0,0,142.61,49.72,11.9141,14.7031,74,79,3,0,0,0,0,0,0,0,0,0,0,0,0,0,0,0,0,0,0,0,0,0,0,0,
9-24_14:13:02.2466779,3,2430,143.31,10.5625,13.0938,1.876,54.76,250,0,268,42256,0,0.35097,0,0,0,0,0,0,0,0,142.59,48.23,6.8125,8.0938,73,78,-5,0,0,0,0,0,0,0,0,0,0,0,0,0,0,0,0,0,0,0,0,0,0,0,
9-24_14:13:02.5309170,3,2731,142.31,7.1016,10.5547,1.5088,54.9,250,0,119,23552,0,0.34552,0,0,0,0,0,0,0,0,142.59,56.19,2.625,3.7422,67,73,-13,0,0,0,0,0,0,0,0,0,0,0,0,0,0,0,0,0,0,0,0,0,0,0,
9-24_14:13:02.7848728,3,2814,142.67,4.125,7.6562,1.0908,55.04,250,0,354,1520,0,0.33704,0,0,0,0,0,0,0,0,142.58,60.44,2.2266,3.3516,62,68,-6,0,0,0,0,0,0,0,0,0,0,0,0,0,0,0,0,0,0,0,0,0,0,0,
9-24_14:13:03.0691117,3,2787,142.38,3.0781,5.8984,0.8398,55.16,250,0,52,29112,0,0.32866,0,0,0,0,0,0,0,0,142.56,59.12,1.9766,2.3828,60,64,-7,0,0,0,0,0,0,0,0,0,0,0,0,0,0,0,0,0,0,0,0,0,0,0,
9-24_14:13:03.3234303,3,2856,142.31,2.3438,4.6406,0.6611,55.27,250,0,36,30111,0,0.32016,0,0,0,0,0,0,0,0,142.55,59.91,1.5547,1.7109,57,61,-2,0,0,0,0,0,0,0,0,0,0,0,0,0,0,0,0,0,0,0,0,0,0,0,
9-24_14:13:03.6086704,3,2879,142.52,1.5312,3.3906,0.4824,55.38,250,0,257,42719,0,0.31081,0,0,0,0,0,0,0,0,142.53,60.75,1.2812,1.5156,55,58,-2,0,0,0,0,0,0,0,0,0,0,0,0,0,0,0,0,0,0,0,0,0,0,0,
9-24_14:13:03.8619901,3,2875,142.67,1.3359,2.7266,0.3887,55.46,250,0,286,7519,0,0.30186,0,0,0,0,0,0,0,0,142.52,63.28,0.9375,1.5625,55,56,-4,0,0,0,0,0,0,0,0,0,0,0,0,0,0,0,0,0,0,0,0,0,0,0,
9-24_14:13:04.1472263,3,2884,142.42,1.1328,2.1641,0.3076,55.53,250,0,97,24623,0,0.29257,0,0,0,0,0,0,0,0,142.5,65.56,0.7969,1.2656,54,54,-3,0,0,0,0,0,0,0,0,0,0,0,0,0,0,0,0,0,0,0,0,0,0,0,
9-24_14:13:04.3995537,3,2887,142.56,1.0938,1.8438,0.2627,55.56,250,0,252,43095,0,0.28406,0,0,0,0,0,0,0,0,142.5,58.19,1.1797,1.3438,54,52,-2,0,0,0,0,0,0,0,0,0,0,0,0,0,0,0,0,0,0,0,0,0,0,0,
9-24_14:13:04.6847924,3,2886,142.72,0.9453,1.5547,0.2217,55.57,250,0,234,12535,0,0.27576,0,0,0,0,0,0,0,0,142.52,65.2,0.7812,0.8906,54,52,-3,0,0,0,0,0,0,0,0,0,0,0,0,0,0,0,0,0,0,0,0,0,0,0,
9-24_14:13:04.9391114,3,2885,142.42,1.0547,1.4766,0.2109,55.53,250,0,200,48696,0,0.26782,0,0,0,0,0,0,0,0,142.5,56.69,1.1719,1.25,54,51,-6,0,0,0,0,0,0,0,0,0,0,0,0,0,0,0,0,0,0,0,0,0,0,0,
9-24_14:13:05.2253462,3,2890,142.47,1.0078,1.3594,0.1934,55.49,250,0,333,3608,0,0.25977,0,0,0,0,0,0,0,0,142.5,61.38,0.9609,1.2578,54,50,-4,0,0,0,0,0,0,0,0,0,0,0,0,0,0,0,0,0,0,0,0,0,0,0,
9-24_14:13:05.4776705,3,2893,142.52,0.9531,1.2656,0.1807,55.42,250,0,263,43040,0,0.2523,0,0,0,0,0,0,0,0,142.48,61.56,1.1328,1.2422,54,50,-7,0,0,0,0,0,0,0,0,0,0,0,0,0,0,0,0,0,0,0,0,0,0,0,
9-24_14:13:05.7620663,3,2895,142.52,0.8438,1.1406,0.1631,55.36,250,0,346,2440,0,0.24472,0,0,0,0,0,0,0,0,142.48,59.7,0.7109,1.2812,54,49,-4,0,0,0,0,0,0,0,0,0,0,0,0,0,0,0,0,0,0,0,0,0,0,0,
9-24_14:13:06.0163846,3,2894,142.56,0.8594,1.1094,0.1582,55.27,250,0,243,44848,0,0.23772,0,0,0,0,0,0,0,0,142.48,62.25,0.8125,0.8672,54,49,-6,0,0,0,0,0,0,0,0,0,0,0,0,0,0,0,0,0,0,0,0,0,0,0,
9-24_14:13:06.3026279,3,2902,142.67,0.8359,1.0703,0.1523,55.12,250,0,287,7791,0,0.23059,0,0,0,0,0,0,0,0,142.48,61.36,0.7422,1.1328,54,49,-4,0,0,0,0,0,0,0,0,0,0,0,0,0,0,0,0,0,0,0,0,0,0,0,
9-24_14:13:06.5559400,3,2901,142.61,0.8047,1.0234,0.1455,54.99,250,0,315,37447,0,0.22374,0,0,0,0,0,0,0,0,142.48,58.47,1,1.3984,54,49,-2,0,0,0,0,0,0,0,0,0,0,0,0,0,0,0,0,0,0,0,0,0,0,0,
9-24_14:13:06.8391827,3,2902,142.56,0.8125,1.0078,0.1436,54.83,250,0,170,18023,0,0.21727,0,0,0,0,0,0,0,0,142.48,60.48,0.5859,1.125,54,49,-3,0,0,0,0,0,0,0,0,0,0,0,0,0,0,0,0,0,0,0,0,0,0,0,
9-24_14:13:07.0945018,3,2903,142.47,0.8047,0.9922,0.1416,54.66,250,0,197,48319,0,0.21086,0,0,0,0,0,0,0,0,142.48,62,0.9844,1.0938,54,48,-3,0,0,0,0,0,0,0,0,0,0,0,0,0,0,0,0,0,0,0,0,0,0,0,
9-24_14:13:07.3777755,3,2903,142.42,0.7891,0.9688,0.1377,54.5,250,0,48,29143,0,0.20483,0,0,0,0,0,0,0,0,142.48,63.11,0.5156,0.75,54,48,-3,0,0,0,0,0,0,0,0,0,0,0,0,0,0,0,0,0,0,0,0,0,0,0,
9-24_14:13:07.6470223,3,2905,142.56,0.7891,0.9609,0.1377,54.29,250,0,248,43952,0,0.1987,0,0,0,0,0,0,0,0,142.48,61.62,0.9375,0.9609,54,48,-7,0,0,0,0,0,0,0,0,0,0,0,0,0,0,0,0,0,0,0,0,0,0,0,
9-24_14:13:07.9163055,3,2905,142.61,0.7734,0.9453,0.1348,54.1,250,0,284,40311,0,0.19321,0,0,0,0,0,0,0,0,142.48,61.83,0.7266,1.1953,54,48,-3,0,0,0,0,0,0,0,0,0,0,0,0,0,0,0,0,0,0,0,0,0,0,0,
9-24_14:13:08.1865844,3,2904,142.31,0.7969,0.9609,0.1367,53.84,250,0,124,55200,0,0.1875,0,0,0,0,0,0,0,0,142.48,60.28,0.7812,0.9766,54,48,-6,0,0,0,0,0,0,0,0,0,0,0,0,0,0,0,0,0,0,0,0,0,0,0,
9-24_14:13:08.4708227,3,2905,142.42,0.7969,0.9531,0.1357,53.6,250,0,147,20095,0,0.18207,0,0,0,0,0,0,0,0,142.48,61.53,0.8906,0.9609,54,48,-4,0,0,0,0,0,0,0,0,0,0,0,0,0,0,0,0,0,0,0,0,0,0,0,
9-24_14:13:08.7252147,3,2903,142.56,0.8047,0.9609,0.1367,53.38,250,0,357,1136,0,0.17702,0,0,0,0,0,0,0,0,142.48,58.45,0.6719,1.1016,54,48,-5,0,0,0,0,0,0,0,0,0,0,0,0,0,0,0,0,0,0,0,0,0,0,0,
9-24_14:13:09.0104848,3,2902,142.42,0.8047,0.9609,0.1367,53.2,250,0,23,31407,0,0.17198,0,0,0,0,0,0,0,0,142.48,62.7,0.8516,1.0312,54,48,-3,0,0,0,0,0,0,0,0,0,0,0,0,0,0,0,0,0,0,0,0,0,0,0,
9-24_14:13:09.2797650,3,2901,142.61,0.7734,0.9375,0.1338,52.98,250,0,233,12215,0,0.16725,0,0,0,0,0,0,0,0,142.48,62.22,0.6484,0.8359,54,48,-4,0,0,0,0,0,0,0,0,0,0,0,0,0,0,0,0,0,0,0,0,0,0,0,
9-24_14:13:09.5640032,3,2904,142.52,0.7969,0.9531,0.1357,52.77,250,0,254,10775,0,0.16231,0,0,0,0,0,0,0,0,142.48,60.31,1.0312,1.1016,54,48,-4,0,0,0,0,0,0,0,0,0,0,0,0,0,0,0,0,0,0,0,0,0,0,0,
9-24_14:13:09.8335699,3,2903,142.47,0.7812,0.9453,0.1348,52.58,250,0,98,25352,0,0.15761,0,0,0,0,0,0,0,0,142.47,60.94,0.6406,1.0078,54,48,-7,0,0,0,0,0,0,0,0,0,0,0,0,0,0,0,0,0,0,0,0,0,0,0,
9-24_14:13:10.1188032,3,2900,142.27,0.8125,0.9609,0.1367,52.38,250,0,127,55288,0,0.15329,0,0,0,0,0,0,0,0,142.47,59.16,0.9141,1.1562,54,48,-6,0,0,0,0,0,0,0,0,0,0,0,0,0,0,0,0,0,0,0,0,0,0,0,
9-24_14:13:10.3896668,3,2903,142.42,0.7734,0.9375,0.1338,52.16,250,0,156,19631,0,0.14903,0,0,0,0,0,0,0,0,142.47,61.03,0.75,1.0625,54,48,-2,0,0,0,0,0,0,0,0,0,0,0,0,0,0,0,0,0,0,0,0,0,0,0,
9-24_14:13:10.6719176,3,2901,142.52,0.7969,0.9531,0.1357,51.97,250,0,2,34072,0,0.14488,0,0,0,0,0,0,0,0,142.47,58.64,0.6797,1.1797,54,48,-7,0,0,0,0,0,0,0,0,0,0,0,0,0,0,0,0,0,0,0,0,0,0,0,
9-24_14:13:10.9272332,3,2898,142.42,0.8047,0.9609,0.1367,51.79,250,0,217,14336,0,0.14104,0,0,0,0,0,0,0,0,142.47,64.72,0.8359,1,54,48,-6,0,0,0,0,0,0,0,0,0,0,0,0,0,0,0,0,0,0,0,0,0,0,0,
9-24_14:13:11.2114775,3,2899,142.61,0.7891,0.9453,0.1348,51.59,250,0,249,44224,0,0.1373,0,0,0,0,0,0,0,0,142.47,60.3,0.9922,1.125,54,48,-7,0,0,0,0,0,0,0,0,0,0,0,0,0,0,0,0,0,0,0,0,0,0,0,
9-24_14:13:11.4817490,3,2898,142.61,0.7969,0.9531,0.1367,51.36,250,0,284,7639,0,0.13361,0,0,0,0,0,0,0,0,142.47,61.09,0.7969,1.3281,54,48,-4,0,0,0,0,0,0,0,0,0,0,0,0,0,0,0,0,0,0,0,0,0,0,0,
9-24_14:13:11.7665961,3,2899,142.38,0.7812,0.9453,0.1348,51.14,250,0,128,22160,0,0.13,0,0,0,0,0,0,0,0,142.48,59.47,0.9219,1.2422,54,48,-8,0,0,0,0,0,0,0,0,0,0,0,0,0,0,0,0,0,0,0,0,0,0,0,
9-24_14:13:12.0368425,3,2901,142.52,0.8125,0.9609,0.1377,50.95,250,0,159,52024,0,0.12654,0,0,0,0,0,0,0,0,142.47,60.81,0.7344,1.1172,54,48,-6,0,0,0,0,0,0,0,0,0,0,0,0,0,0,0,0,0,0,0,0,0,0,0,
9-24_14:13:12.3071193,3,2902,142.42,0.7656,0.9375,0.1338,50.75,250,0,5,264,0,0.1232,0,0,0,0,0,0,0,0,142.48,59.83,0.7812,1.0312,54,48,-4,0,0,0,0,0,0,0,0,0,0,0,0,0,0,0,0,0,0,0,0,0,0,0,
9-24_14:13:12.5754018,3,2900,142.42,0.7812,0.9453,0.1348,50.54,250,0,46,62216,0,0.12018,0,0,0,0,0,0,0,0,142.48,63.45,0.5781,0.8594,54,48,-5,0,0,0,0,0,0,0,0,0,0,0,0,0,0,0,0,0,0,0,0,0,0,0,
9-24_14:13:12.8457018,3,2902,142.52,0.8203,0.9688,0.1387,50.34,250,0,257,10376,0,0.11705,0,0,0,0,0,0,0,0,142.48,60.52,1.0469,1.1406,54,48,-6,0,0,0,0,0,0,0,0,0,0,0,0,0,0,0,0,0,0,0,0,0,0,0,
9-24_14:13:13.1129959,3,2901,142.47,0.7812,0.9453,0.1348,50.18,250,0,298,6431,0,0.11424,0,0,0,0,0,0,0,0,142.48,60.5,0.6094,1.0234,54,48,-4,0,0,0,0,0,0,0,0,0,0,0,0,0,0,0,0,0,0,0,0,0,0,0,
9-24_14:13:13.3832649,3,2902,142.38,0.8203,0.9688,0.1387,49.98,250,0,147,20440,0,0.11127,0,0,0,0,0,0,0,0,142.48,60.77,0.9297,1.1406,54,48,-7,0,0,0,0,0,0,0,0,0,0,0,0,0,0,0,0,0,0,0,0,0,0,0,
9-24_14:13:13.6535927,3,2901,142.42,0.7969,0.9609,0.1367,49.82,250,0,192,16071,0,0.1087,0,0,0,0,0,0,0,0,142.48,61.58,1.0078,1.0938,54,48,-4,0,0,0,0,0,0,0,0,0,0,0,0,0,0,0,0,0,0,0,0,0,0,0,
9-24_14:13:13.9218388,3,2901,142.42,0.8047,0.9609,0.1367,49.66,250,0,43,29984,0,0.10593,0,0,0,0,0,0,0,0,142.48,64.27,0.5312,0.6797,54,48,-8,0,0,0,0,0,0,0,0,0,0,0,0,0,0,0,0,0,0,0,0,0,0,0,
9-24_14:13:14.1744633,3,2904,142.47,0.8203,0.9766,0.1396,49.5,250,0,269,42104,0,0.10356,0,0,0,0,0,0,0,0,142.47,61.33,0.9219,1.1406,54,48,-7,0,0,0,0,0,0,0,0,0,0,0,0,0,0,0,0,0,0,0,0,0,0,0,
9-24_14:13:14.4578949,3,2902,142.56,0.7969,0.9609,0.1367,49.34,250,0,307,6063,0,0.1011,0,0,0,0,0,0,0,0,142.48,59.92,0.8281,1.0547,54,48,-4,0,0,0,0,0,0,0,0,0,0,0,0,0,0,0,0,0,0,0,0,0,0,0,
9-24_14:13:14.7118225,3,2904,142.72,0.8125,0.9688,0.1377,49.15,250,0,340,35599,0,0.09863,0,0,0,0,0,0,0,0,142.47,60.55,0.6875,1.0156,54,48,-2,0,0,0,0,0,0,0,0,0,0,0,0,0,0,0,0,0,0,0,0,0,0,0,
9-24_14:13:14.9980502,3,2903,142.42,0.7969,0.9609,0.1367,49.03,250,0,198,15935,0,0.09642,0,0,0,0,0,0,0,0,142.47,60.59,0.9844,1.1875,54,48,-4,0,0,0,0,0,0,0,0,0,0,0,0,0,0,0,0,0,0,0,0,0,0,0,
9-24_14:13:15.2693362,3,2904,142.61,0.7812,0.9453,0.1348,48.88,250,0,226,46047,0,0.09413,0,0,0,0,0,0,0,0,142.47,63.39,0.6953,0.9219,54,48,-3,0,0,0,0,0,0,0,0,0,0,0,0,0,0,0,0,0,0,0,0,0,0,0,
9-24_14:13:15.5505415,3,2901,142.38,0.8203,0.9766,0.1387,48.73,250,0,75,60072,0,0.09193,0,0,0,0,0,0,0,0,142.47,60.12,1.0078,1.0703,54,48,-6,0,0,0,0,0,0,0,0,0,0,0,0,0,0,0,0,0,0,0,0,0,0,0,
9-24_14:13:15.8198469,3,2904,142.61,0.7656,0.9375,0.1338,48.59,250,0,284,8152,0,0.08974,0,0,0,0,0,0,0,0,142.48,61.44,0.75,1.1953,54,48,-5,0,0,0,0,0,0,0,0,0,0,0,0,0,0,0,0,0,0,0,0,0,0,0,
9-24_14:13:16.1040906,3,2903,142.52,0.8281,0.9766,0.1387,48.44,250,0,317,38152,0,0.08774,0,0,0,0,0,0,0,0,142.47,58.17,1.0156,1.4297,54,48,-7,0,0,0,0,0,0,0,0,0,0,0,0,0,0,0,0,0,0,0,0,0,0,0,
9-24_14:13:16.3733718,3,2902,142.52,0.7656,0.9375,0.1338,48.3,250,0,165,51199,0,0.08569,0,0,0,0,0,0,0,0,142.47,60.55,0.6406,1.0312,54,48,-3,0,0,0,0,0,0,0,0,0,0,0,0,0,0,0,0,0,0,0,0,0,0,0,
9-24_14:13:16.6585789,3,2902,142.42,0.8203,0.9688,0.1377,48.2,250,0,200,15640,0,0.08385,0,0,0,0,0,0,0,0,142.47,61.06,0.9844,1.1016,54,48,-7,0,0,0,0,0,0,0,0,0,0,0,0,0,0,0,0,0,0,0,0,0,0,0,
9-24_14:13:16.9279071,3,2902,142.42,0.7812,0.9531,0.1357,48.04,250,0,49,29015,0,0.08195,0,0,0,0,0,0,0,0,142.47,63.44,0.4844,0.6562,54,48,-3,0,0,0,0,0,0,0,0,0,0,0,0,0,0,0,0,0,0,0,0,0,0,0,
9-24_14:13:17.1961705,3,2900,142.27,0.7891,0.9531,0.1357,47.88,250,0,91,25536,0,0.08029,0,0,0,0,0,0,0,0,142.47,61.84,0.8281,1.1562,54,48,-8,0,0,0,0,0,0,0,0,0,0,0,0,0,0,0,0,0,0,0,0,0,0,0,
9-24_14:13:17.4664513,3,2901,142.61,0.7969,0.9609,0.1367,47.73,250,0,300,38879,0,0.07857,0,0,0,0,0,0,0,0,142.48,60.19,0.6172,1.1172,54,48,-3,0,0,0,0,0,0,0,0,0,0,0,0,0,0,0,0,0,0,0,0,0,0,0,
9-24_14:13:17.7353401,3,2902,142.52,0.7656,0.9375,0.1338,47.62,250,0,339,35672,0,0.07698,0,0,0,0,0,0,0,0,142.47,60.84,0.7344,1.0859,54,48,-7,0,0,0,0,0,0,0,0,0,0,0,0,0,0,0,0,0,0,0,0,0,0,0,
9-24_14:13:18.0195958,3,2833,142.95,0.9062,1,0.1426,47.45,250,0,223,45535,0,0.0752,0,0,0,0,0,0,0,0,140.62,74.53,1.7344,1.6719,55,49,0,0,0,0,0,0,0,0,0,0,0,0,0,0,0,0,0,0,0,0,0,0,0,0,
9-24_14:13:18.2709197,3,2564,142.56,1.1016,1.0938,0.1563,47.35,250,0,261,9167,0,0.07303,0,0,0,0,0,0,0,0,134.59,55.08,1,0.8828,58,49,1,0,0,0,0,0,0,0,0,0,0,0,0,0,0,0,0,0,0,0,0,0,0,0,
9-24_14:13:18.5561515,3,2387,142.52,0.9688,0.9844,0.1406,47.23,250,0,206,14759,0,0.07095,0,0,0,0,0,0,0,0,127.94,50.08,0.2266,0.8359,60,49,-4,0,0,0,0,0,0,0,0,0,0,0,0,0,0,0,0,0,0,0,0,0,0,0,
9-24_14:13:18.8091257,3,1946,146.06,1.4766,1.0469,0.1514,47.12,250,0,111,23448,0,0.06834,0,0,0,0,0,0,0,0,116.84,42.23,2.3203,3.7188,65,51,-6,0,0,0,0,0,0,0,0,0,0,0,0,0,0,0,0,0,0,0,0,0,0,0,
9-24_14:13:19.0953455,3,1833,142.47,1.1094,0.9062,0.1289,47.04,250,0,160,51160,0,0.06677,0,0,0,0,0,0,0,0,108.47,36.28,1.0469,2.2266,66,52,3,0,0,0,0,0,0,0,0,0,0,0,0,0,0,0,0,0,0,0,0,0,0,0,
9-24_14:13:19.3767944,3,1813,142.61,0.8906,0.7891,0.1123,46.96,250,0,283,41367,0,0.06543,0,0,0,0,0,0,0,0,103.17,35.7,0.2422,2.8906,67,52,-12,0,0,0,0,0,0,0,0,0,0,0,0,0,0,0,0,0,0,0,0,0,0,0,
9-24_14:13:19.6291262,3,1776,142.47,0.8516,0.7266,0.1035,46.86,250,0,331,35999,0,0.06409,0,0,0,0,0,0,0,0,99.33,35.95,1.3906,3.2031,67,53,-1,0,0,0,0,0,0,0,0,0,0,0,0,0,0,0,0,0,0,0,0,0,0,0,
9-24_14:13:19.8983161,3,1801,142.52,0.7578,0.6641,0.0947,46.76,250,0,19,312,0,0.06293,0,0,0,0,0,0,0,0,97.17,35.38,0.8672,3.125,67,54,-17,0,0,0,0,0,0,0,0,0,0,0,0,0,0,0,0,0,0,0,0,0,0,0,
9-24_14:13:20.1685125,3,1800,142.52,0.6641,0.6016,0.085,46.64,250,0,121,56439,0,0.06166,0,0,0,0,0,0,0,0,95.28,36.02,1.0156,2.5,66,54,-16,0,0,0,0,0,0,0,0,0,0,0,0,0,0,0,0,0,0,0,0,0,0,0,
9-24_14:13:20.4544077,3,1767,142.42,0.7344,0.6016,0.0859,46.52,250,0,196,16096,0,0.06044,0,0,0,0,0,0,0,0,93.86,36.44,1.3438,4.2578,67,54,-8,0,0,0,0,0,0,0,0,0,0,0,0,0,0,0,0,0,0,0,0,0,0,0,
9-24_14:13:20.7083405,3,1823,142.56,1,0.7188,0.1025,46.44,250,0,253,11280,0,0.05939,0,0,0,0,0,0,0,0,92.98,36.39,0.3125,2.5938,66,54,-11,0,0,0,0,0,0,0,0,0,0,0,0,0,0,0,0,0,0,0,0,0,0,0,
9-24_14:13:20.9906183,3,1803,142.56,0.9531,0.7109,0.1016,46.34,250,0,337,37032,0,0.05827,0,0,0,0,0,0,0,0,92.27,35.73,0.2734,2.8125,67,55,-18,0,0,0,0,0,0,0,0,0,0,0,0,0,0,0,0,0,0,0,0,0,0,0,
9-24_14:13:21.2598662,3,1793,142.47,0.9375,0.7266,0.1035,46.26,250,0,85,26719,0,0.05719,0,0,0,0,0,0,0,0,91.64,35.64,0.9922,3.3828,67,55,-16,0,0,0,0,0,0,0,0,0,0,0,0,0,0,0,0,0,0,0,0,0,0,0,
9-24_14:13:21.5451029,3,1796,142.61,0.8984,0.6953,0.0986,46.17,250,0,166,52135,0,0.05614,0,0,0,0,0,0,0,0,91.33,36.06,0.6016,3.1875,67,55,-16,0,0,0,0,0,0,0,0,0,0,0,0,0,0,0,0,0,0,0,0,0,0,0,
9-24_14:13:21.8293890,3,1799,142.67,0.7812,0.6328,0.0898,46.08,250,0,268,43096,0,0.05511,0,0,0,0,0,0,0,0,91.27,35.48,0.7656,3.3516,67,55,-19,0,0,0,0,0,0,0,0,0,0,0,0,0,0,0,0,0,0,0,0,0,0,0,
9-24_14:13:22.0986582,3,1770,142.27,1.0078,0.7109,0.1016,45.99,250,0,350,2600,0,0.05412,0,0,0,0,0,0,0,0,91.03,35.52,2.9766,5.1953,67,55,-16,0,0,0,0,0,0,0,0,0,0,0,0,0,0,0,0,0,0,0,0,0,0,0,
9-24_14:13:22.3679385,3,1794,142.42,1.1016,0.7734,0.1104,45.88,250,0,93,58679,0,0.05313,0,0,0,0,0,0,0,0,91.06,35.55,0.6719,3.2266,67,55,-15,0,0,0,0,0,0,0,0,0,0,0,0,0,0,0,0,0,0,0,0,0,0,0,
9-24_14:13:22.6372128,3,1795,142.52,1.2188,0.8359,0.1191,45.78,250,0,129,22679,0,0.05229,0,0,0,0,0,0,0,0,90.92,35.77,0.7031,2.1094,67,55,-15,0,0,0,0,0,0,0,0,0,0,0,0,0,0,0,0,0,0,0,0,0,0,0,
9-24_14:13:22.9224202,3,1795,142.67,0.8359,0.6953,0.0996,45.66,250,0,237,13000,0,0.05142,0,0,0,0,0,0,0,0,90.92,36.44,1.0547,2.9453,67,55,-17,0,0,0,0,0,0,0,0,0,0,0,0,0,0,0,0,0,0,0,0,0,0,0,
9-24_14:13:23.1917354,3,1793,142.52,0.6953,0.6094,0.0869,45.57,250,0,317,38424,0,0.05057,0,0,0,0,0,0,0,0,90.95,36.28,0.8906,2.5938,66,55,-16,0,0,0,0,0,0,0,0,0,0,0,0,0,0,0,0,0,0,0,0,0,0,0,
9-24_14:13:23.4620073,3,1795,142.61,0.6875,0.5781,0.083,45.49,250,0,60,28663,0,0.04974,0,0,0,0,0,0,0,0,90.95,36.38,0.8672,3.0547,66,55,-13,0,0,0,0,0,0,0,0,0,0,0,0,0,0,0,0,0,0,0,0,0,0,0,
9-24_14:13:23.7473855,3,1796,142.42,0.6719,0.5547,0.0791,45.43,250,0,140,54279,0,0.049,0,0,0,0,0,0,0,0,90.92,36.23,0.6875,2.6953,66,55,-13,0,0,0,0,0,0,0,0,0,0,0,0,0,0,0,0,0,0,0,0,0,0,0,
9-24_14:13:24.0017069,3,1795,142.47,0.6719,0.5469,0.0781,45.36,250,0,199,49079,0,0.04825,0,0,0,0,0,0,0,0,90.97,35.58,0.8594,3.3047,66,55,-13,0,0,0,0,0,0,0,0,0,0,0,0,0,0,0,0,0,0,0,0,0,0,0,
9-24_14:13:24.2869132,3,1795,142.56,0.8047,0.5938,0.085,45.29,250,0,281,9040,0,0.0475,0,0,0,0,0,0,0,0,90.91,35.64,0.5859,3.2969,67,55,-15,0,0,0,0,0,0,0,0,0,0,0,0,0,0,0,0,0,0,0,0,0,0,0,
