time,EngineState,MotorSpeed,Bat,Ie,Power,MotorTemp,InvTemp,PCodeActive,EthtDeg,Enc485Pos,Enc6825Pos,HALL_U,HALL_V,HALL_W,HALL_Idx,EncABZLine,EncABZCw,Enc485Cw,Enc6825Cw,SMO_U,SMO_E,SMO_I,SMO_EstI,OBS_ThtCorr,OBS_ThtDiff,OBS_ThtErr,Hall_Tht1,Hall_Tht2,Hall_Tht3,Hall_Tht4,Hall_Tht5,Hall_Tht6,OBS_ThtCorr1,OBS_ThtCorr2,OBS_ThtCorr3,OBS_ThtCorr4,OBS_ThtCorr5,OBS_ThtCorr6,OBS_ThtCorr7,OBS_ThtCorr8,OBS_ThtCorr9,OBS_ThtCorr10,OBS_ThtCorr11,OBS_ThtCorr12,OBS_ThtCorr13,OBS_ThtCorr14,OBS_ThtCorr15,OBS_ThtCorr16,OBS_ThtCorr17,
7-5_15:39:57.9561273,3,1811,139.66,0.9375,0.1357,27.8,250,0,292,0,65535,0,0,0,0,0,0,0,0,75.34,35.05,0.6797,1.9297,57,1,67,0,0,0,0,0,0,0,0,0,0,0,0,0,0,0,0,0,0,0,0,0,0,0,
7-5_15:39:58.2251580,3,1808,139.66,0.9062,0.1279,27.79,250,0,338,0,65535,0,0,0,0,0,0,0,0,78.25,35.27,0.5547,2.0391,57,0,21,0,0,0,0,0,0,0,0,0,0,0,0,0,0,0,0,0,0,0,0,0,0,0,
7-5_15:39:58.4774831,3,1806,139.66,0.8203,0.123,27.8,250,0,314,0,65535,0,0,0,0,0,0,0,0,80.06,35.47,1.0469,1.7969,57,1,45,0,0,0,0,0,0,0,0,0,0,0,0,0,0,0,0,0,0,0,0,0,0,0,
7-5_15:39:58.7625229,3,1805,139.66,0.8594,0.1221,27.79,250,0,2,0,65535,0,0,0,0,0,0,0,0,81.47,35.02,0.8828,2.8047,57,-2,-2,0,0,0,0,0,0,0,0,0,0,0,0,0,0,0,0,0,0,0,0,0,0,0,
7-5_15:39:59.0335699,3,1800,139.61,0.8594,0.1191,27.79,250,0,39,0,65535,0,0,0,0,0,0,0,0,82.44,34.94,0.6016,1.8672,57,-1,-39,0,0,0,0,0,0,0,0,0,0,0,0,0,0,0,0,0,0,0,0,0,0,0,
7-5_15:39:59.3328307,3,1803,139.66,0.8594,0.1191,27.8,250,0,147,0,65535,0,0,0,0,0,0,0,0,83.17,35.5,0.7812,1.4844,57,0,-147,0,0,0,0,0,0,0,0,0,0,0,0,0,0,0,0,0,0,0,0,0,0,0,
7-5_15:39:59.5880419,3,1800,139.61,0.8203,0.1143,27.79,250,0,233,0,65535,0,0,0,0,0,0,0,0,83.66,34.73,0.7266,2.3594,57,2,126,0,0,0,0,0,0,0,0,0,0,0,0,0,0,0,0,0,0,0,0,0,0,0,
7-5_15:39:59.8560985,3,1801,139.66,0.8359,0.1152,27.78,250,0,256,0,65535,0,0,0,0,0,0,0,0,83.97,34.75,1.0156,2.0469,57,4,109,0,0,0,0,0,0,0,0,0,0,0,0,0,0,0,0,0,0,0,0,0,0,0,
7-5_15:40:00.1407223,3,1799,139.61,0.8359,0.1143,27.78,250,0,343,0,65535,0,0,0,0,0,0,0,0,84.2,35.16,0.6016,1.8984,57,2,21,0,0,0,0,0,0,0,0,0,0,0,0,0,0,0,0,0,0,0,0,0,0,0,
7-5_15:40:00.4099336,3,1797,139.66,0.8203,0.1143,27.8,250,0,28,0,65535,0,0,0,0,0,0,0,0,84.36,35.11,0.8516,2.6562,57,1,-23,0,0,0,0,0,0,0,0,0,0,0,0,0,0,0,0,0,0,0,0,0,0,0,
7-5_15:40:00.6959059,3,1799,139.56,0.8359,0.1152,27.79,250,0,136,0,65535,0,0,0,0,0,0,0,0,84.48,35.22,0.9531,1.6406,57,6,-136,0,0,0,0,0,0,0,0,0,0,0,0,0,0,0,0,0,0,0,0,0,0,0,
7-5_15:40:00.9506669,3,1796,139.61,0.8672,0.1191,27.8,250,0,185,0,65535,0,0,0,0,0,0,0,0,84.56,35.06,1.1562,3.2031,57,9,174,0,0,0,0,0,0,0,0,0,0,0,0,0,0,0,0,0,0,0,0,0,0,0,
7-5_15:40:01.2346790,3,1796,139.66,0.8438,0.1152,27.79,250,0,252,0,65535,0,0,0,0,0,0,0,0,84.61,35.28,1.0625,2.1719,57,10,112,0,0,0,0,0,0,0,0,0,0,0,0,0,0,0,0,0,0,0,0,0,0,0,
7-5_15:40:01.5049205,3,1805,139.66,0.8672,0.1191,27.8,250,0,340,0,65535,0,0,0,0,0,0,0,0,84.66,35.44,0.5859,1.5469,57,8,19,0,0,0,0,0,0,0,0,0,0,0,0,0,0,0,0,0,0,0,0,0,0,0,
7-5_15:40:01.7570046,3,1798,139.61,0.875,0.1162,27.78,250,0,343,0,65535,0,0,0,0,0,0,0,0,84.69,35.59,0.6328,1.8438,57,8,16,0,0,0,0,0,0,0,0,0,0,0,0,0,0,0,0,0,0,0,0,0,0,0,
7-5_15:40:02.0264597,3,1804,139.66,0.8203,0.1143,27.79,250,0,1,0,65535,0,0,0,0,0,0,0,0,84.7,35.53,0.9453,2.1953,57,7,-1,0,0,0,0,0,0,0,0,0,0,0,0,0,0,0,0,0,0,0,0,0,0,0,
7-5_15:40:02.3097478,3,1796,139.56,0.9141,0.125,27.78,250,0,92,0,65535,0,0,0,0,0,0,0,0,84.7,34.92,0.7734,2.4297,57,7,-92,0,0,0,0,0,0,0,0,0,0,0,0,0,0,0,0,0,0,0,0,0,0,0,
7-5_15:40:02.5630211,3,1798,139.61,0.8828,0.1191,27.79,250,0,138,0,65535,0,0,0,0,0,0,0,0,84.72,35.06,0.9922,1.7734,57,10,-138,0,0,0,0,0,0,0,0,0,0,0,0,0,0,0,0,0,0,0,0,0,0,0,
7-5_15:40:02.8477624,3,1798,139.61,0.8594,0.1201,27.8,250,0,210,0,65535,0,0,0,0,0,0,0,0,84.75,34.66,0.8047,2.8359,57,11,149,0,0,0,0,0,0,0,0,0,0,0,0,0,0,0,0,0,0,0,0,0,0,0,
7-5_15:40:03.1306253,3,1803,139.66,0.8594,0.1143,27.79,250,0,299,0,65535,0,0,0,0,0,0,0,0,84.77,34.72,0.8828,2.2266,57,9,60,0,0,0,0,0,0,0,0,0,0,0,0,0,0,0,0,0,0,0,0,0,0,0,
7-5_15:40:03.4019552,3,1801,139.66,0.8281,0.1152,27.8,250,0,6,0,65535,0,0,0,0,0,0,0,0,84.78,35.3,0.9609,2.3828,57,5,-6,0,0,0,0,0,0,0,0,0,0,0,0,0,0,0,0,0,0,0,0,0,0,0,
7-5_15:40:03.6868834,3,1795,139.56,0.8984,0.1191,27.79,250,0,100,0,65535,0,0,0,0,0,0,0,0,84.81,35.03,0.9688,2.4297,57,3,-100,0,0,0,0,0,0,0,0,0,0,0,0,0,0,0,0,0,0,0,0,0,0,0,
7-5_15:40:03.9582086,3,1795,139.56,0.8672,0.1191,27.8,250,0,149,0,65535,0,0,0,0,0,0,0,0,84.83,35.44,0.9531,2.0156,57,4,-149,0,0,0,0,0,0,0,0,0,0,0,0,0,0,0,0,0,0,0,0,0,0,0,
7-5_15:40:04.2412507,3,1800,139.66,0.8594,0.1191,27.8,250,0,261,0,65535,0,0,0,0,0,0,0,0,84.83,35.27,0.9375,2.0547,57,4,98,0,0,0,0,0,0,0,0,0,0,0,0,0,0,0,0,0,0,0,0,0,0,0,
7-5_15:40:04.4964877,3,1799,139.66,0.875,0.1172,27.79,250,0,310,0,65535,0,0,0,0,0,0,0,0,84.86,35.03,1.1484,1.8594,57,1,49,0,0,0,0,0,0,0,0,0,0,0,0,0,0,0,0,0,0,0,0,0,0,0,
7-5_15:40:04.7814709,3,1793,139.56,0.9766,0.1357,27.79,250,0,27,0,65535,0,0,0,0,0,0,0,0,84.89,34.78,1.1172,2.4453,57,-3,-22,0,0,0,0,0,0,0,0,0,0,0,0,0,0,0,0,0,0,0,0,0,0,0,
7-5_15:40:05.0510491,3,1803,139.66,0.9922,0.1436,27.78,250,0,127,0,65535,0,0,0,0,0,0,0,0,85,34.98,1.0391,2.0625,57,0,-122,0,0,0,0,0,0,0,0,0,0,0,0,0,0,0,0,0,0,0,0,0,0,0,
7-5_15:40:05.3212558,3,1791,139.56,1.1562,0.1572,27.79,250,0,175,0,65535,0,0,0,0,0,0,0,0,85.19,35.08,1.4375,2.875,57,0,-175,0,0,0,0,0,0,0,0,0,0,0,0,0,0,0,0,0,0,0,0,0,0,0,
7-5_15:40:05.5905722,3,1780,139.56,1.5859,0.1885,27.8,250,0,342,0,65535,0,0,0,0,0,0,0,0,85.69,34.56,2.3438,4.2031,58,-2,17,0,0,0,0,0,0,0,0,0,0,0,0,0,0,0,0,0,0,0,0,0,0,0,
7-5_15:40:05.8599467,3,1770,139.47,1.9609,0.2354,27.79,250,0,109,0,65535,0,0,0,0,0,0,0,0,86.38,32.41,3.5625,4.7969,58,0,-103,0,0,0,0,0,0,0,0,0,0,0,0,0,0,0,0,0,0,0,0,0,0,0,
7-5_15:40:06.1440028,3,1763,139.56,2.2812,0.3125,27.79,250,0,282,0,65535,0,0,0,0,0,0,0,0,87.05,33.83,3.6484,4.6094,58,1,82,0,0,0,0,0,0,0,0,0,0,0,0,0,0,0,0,0,0,0,0,0,0,0,
7-5_15:40:06.4151978,3,1805,139.56,2.6797,0.374,27.8,250,0,54,0,65535,0,0,0,0,0,0,0,0,87.83,34.2,2.3125,3.7734,58,-4,-48,0,0,0,0,0,0,0,0,0,0,0,0,0,0,0,0,0,0,0,0,0,0,0,
7-5_15:40:06.7001728,3,1792,139.61,3.4766,0.4941,27.79,250,0,319,0,65535,0,0,0,0,0,0,0,0,88.86,34.52,3.1641,3.8516,59,2,40,0,0,0,0,0,0,0,0,0,0,0,0,0,0,0,0,0,0,0,0,0,0,0,
7-5_15:40:06.9694492,3,1811,139.66,4.0703,0.5635,27.8,250,0,207,0,65535,0,0,0,0,0,0,0,0,89.95,33.73,3.0938,4.9219,59,4,152,0,0,0,0,0,0,0,0,0,0,0,0,0,0,0,0,0,0,0,0,0,0,0,
7-5_15:40:07.2544439,3,1745,139.27,4.9453,0.5605,27.8,250,0,101,0,65535,0,0,0,0,0,0,0,0,90.97,30.89,7.4453,8.5312,61,0,-101,0,0,0,0,0,0,0,0,0,0,0,0,0,0,0,0,0,0,0,0,0,0,0,
7-5_15:40:07.5247053,3,1725,139.47,5.5156,0.7666,27.8,250,0,359,0,65535,0,0,0,0,0,0,0,0,92.06,31.86,9.2891,10.8906,61,0,0,0,0,0,0,0,0,0,0,0,0,0,0,0,0,0,0,0,0,0,0,0,0,0,
7-5_15:40:07.7948180,3,1771,139.56,6.9297,0.9668,27.78,250,0,278,0,65535,0,0,0,0,0,0,0,0,93.88,31.92,7.1719,8.1719,62,4,81,0,0,0,0,0,0,0,0,0,0,0,0,0,0,0,0,0,0,0,0,0,0,0,
7-5_15:40:08.0777602,3,1788,139.42,6.8516,0.9658,27.79,250,0,142,0,65535,0,0,0,0,0,0,0,0,95.17,34.27,5.9609,7.3047,62,2,-142,0,0,0,0,0,0,0,0,0,0,0,0,0,0,0,0,0,0,0,0,0,0,0,
7-5_15:40:08.3471150,3,1860,139.56,7.4219,1.1064,27.79,250,0,29,0,65535,0,0,0,0,0,0,0,0,96.58,35.17,3.9141,5.7031,62,-7,-29,0,0,0,0,0,0,0,0,0,0,0,0,0,0,0,0,0,0,0,0,0,0,0,
7-5_15:40:08.6163230,3,1789,139.27,7.1484,0.9648,27.79,250,0,87,0,65535,0,0,0,0,0,0,0,0,97.09,33.31,7.4922,8.8203,62,-3,-87,0,0,0,0,0,0,0,0,0,0,0,0,0,0,0,0,0,0,0,0,0,0,0,
7-5_15:40:08.8994252,3,1748,139.61,7.1953,0.9268,27.8,250,0,218,0,65535,0,0,0,0,0,0,0,0,97.58,33.23,10.0703,11.7344,63,3,141,0,0,0,0,0,0,0,0,0,0,0,0,0,0,0,0,0,0,0,0,0,0,0,
7-5_15:40:09.1678587,3,1765,139.17,7.5859,1.0557,27.84,250,0,41,0,65535,0,0,0,0,0,0,0,0,98.44,34.81,8.3594,9.2266,63,0,-41,0,0,0,0,0,0,0,0,0,0,0,0,0,0,0,0,0,0,0,0,0,0,0,
7-5_15:40:09.4379398,3,1777,139.61,8.2656,1.1543,27.84,250,0,213,0,65535,0,0,0,0,0,0,0,0,99.52,34.3,8.8906,10.7812,63,2,152,0,0,0,0,0,0,0,0,0,0,0,0,0,0,0,0,0,0,0,0,0,0,0,
7-5_15:40:09.7079558,3,1793,139.27,9.1016,1.2627,27.87,250,0,126,0,65535,0,0,0,0,0,0,0,0,100.77,34.73,8.9922,10.3438,64,-1,-120,0,0,0,0,0,0,0,0,0,0,0,0,0,0,0,0,0,0,0,0,0,0,0,
7-5_15:40:09.9782330,3,1797,139.66,9.8047,1.3594,27.88,250,0,280,0,65535,0,0,0,0,0,0,0,0,101.77,34.62,10.0391,10.6328,65,1,79,0,0,0,0,0,0,0,0,0,0,0,0,0,0,0,0,0,0,0,0,0,0,0,
7-5_15:40:10.2492191,3,1850,139.38,7.2891,1.1182,27.91,250,0,50,0,65535,0,0,0,0,0,0,0,0,100.88,35.17,5.6641,6.1641,62,-5,-50,0,0,0,0,0,0,0,0,0,0,0,0,0,0,0,0,0,0,0,0,0,0,0,
7-5_15:40:10.5355080,3,1865,139.56,4.3359,0.7549,27.91,250,0,280,0,65535,0,0,0,0,0,0,0,0,98.11,36.48,2.2656,3.2344,59,12,85,0,0,0,0,0,0,0,0,0,0,0,0,0,0,0,0,0,0,0,0,0,0,0,
7-5_15:40:10.7891066,3,1867,139.66,2.5,0.3486,27.95,250,0,246,0,65535,0,0,0,0,0,0,0,0,95.45,36.2,1.0469,1.6797,57,11,118,0,0,0,0,0,0,0,0,0,0,0,0,0,0,0,0,0,0,0,0,0,0,0,
7-5_15:40:11.0743433,3,1836,139.61,1.6094,0.2344,27.95,250,0,2,0,65535,0,0,0,0,0,0,0,0,93.05,36.08,1.3516,2.5,57,3,-2,0,0,0,0,0,0,0,0,0,0,0,0,0,0,0,0,0,0,0,0,0,0,0,
7-5_15:40:11.3585821,3,1828,139.66,1.2109,0.1797,27.95,250,0,237,0,65535,0,0,0,0,0,0,0,0,91.05,35.53,1,2.1328,57,4,122,0,0,0,0,0,0,0,0,0,0,0,0,0,0,0,0,0,0,0,0,0,0,0,
7-5_15:40:11.6119059,3,1822,139.66,1.0781,0.1484,27.95,250,0,140,0,65535,0,0,0,0,0,0,0,0,89.52,36.3,0.8438,1.6875,57,0,-140,0,0,0,0,0,0,0,0,0,0,0,0,0,0,0,0,0,0,0,0,0,0,0,
7-5_15:40:11.8981425,3,1806,139.56,1.0781,0.1523,27.95,250,0,138,0,65535,0,0,0,0,0,0,0,0,88.41,35.81,1.3125,2.0234,57,0,-138,0,0,0,0,0,0,0,0,0,0,0,0,0,0,0,0,0,0,0,0,0,0,0,
7-5_15:40:12.1522463,3,1807,139.56,1.1562,0.1592,27.95,250,0,146,0,65535,0,0,0,0,0,0,0,0,87.72,35.52,0.9453,1.9609,57,0,-146,0,0,0,0,0,0,0,0,0,0,0,0,0,0,0,0,0,0,0,0,0,0,0,
7-5_15:40:12.4374884,3,1803,139.61,1.2188,0.1699,27.93,250,0,190,0,65535,0,0,0,0,0,0,0,0,87.2,34.97,1.3203,3.1016,57,0,169,0,0,0,0,0,0,0,0,0,0,0,0,0,0,0,0,0,0,0,0,0,0,0,
7-5_15:40:12.7067925,3,1798,139.61,1.6484,0.2285,27.94,250,0,342,0,65535,0,0,0,0,0,0,0,0,87.25,34.78,1.6641,3.1562,57,-3,17,0,0,0,0,0,0,0,0,0,0,0,0,0,0,0,0,0,0,0,0,0,0,0,
7-5_15:40:12.9748484,3,1748,139.66,3.2031,0.4023,27.9,250,0,278,0,65535,0,0,0,0,0,0,0,0,88.34,31.67,5.5469,6.9375,59,-1,81,0,0,0,0,0,0,0,0,0,0,0,0,0,0,0,0,0,0,0,0,0,0,0,
7-5_15:40:13.2591517,3,1681,139.31,4.7344,0.5127,27.89,250,0,10,0,65535,0,0,0,0,0,0,0,0,89.95,31.44,10.3516,13.2812,61,0,-10,0,0,0,0,0,0,0,0,0,0,0,0,0,0,0,0,0,0,0,0,0,0,0,
7-5_15:40:13.5294042,3,1704,139.17,5.8203,0.8135,27.9,250,0,27,0,65535,0,0,0,0,0,0,0,0,91.8,33.27,8.3203,10.4062,62,0,-27,0,0,0,0,0,0,0,0,0,0,0,0,0,0,0,0,0,0,0,0,0,0,0,
7-5_15:40:13.8156262,3,1767,139.22,7.4688,1.04,27.9,250,0,87,0,65535,0,0,0,0,0,0,0,0,94.2,32.5,7.3438,8.5625,63,-1,-87,0,0,0,0,0,0,0,0,0,0,0,0,0,0,0,0,0,0,0,0,0,0,0,
7-5_15:40:14.0849141,3,1786,139.56,9.0859,1.2695,27.9,250,0,195,0,65535,0,0,0,0,0,0,0,0,96.8,34.02,7.8906,10.5156,64,0,169,0,0,0,0,0,0,0,0,0,0,0,0,0,0,0,0,0,0,0,0,0,0,0,
7-5_15:40:14.3541956,3,1784,139.27,9.9844,1.3711,27.91,250,0,134,0,65535,0,0,0,0,0,0,0,0,98.91,33.8,9.3828,12.1016,65,0,-134,0,0,0,0,0,0,0,0,0,0,0,0,0,0,0,0,0,0,0,0,0,0,0,
7-5_15:40:14.6374980,3,1767,139.03,10.5391,1.3799,27.95,250,0,95,0,65535,0,0,0,0,0,0,0,0,100.88,34.72,11.4531,13.0859,65,-4,-95,0,0,0,0,0,0,0,0,0,0,0,0,0,0,0,0,0,0,0,0,0,0,0,
7-5_15:40:14.9076790,3,1756,139.56,10.5703,1.4688,27.94,250,0,272,0,65535,0,0,0,0,0,0,0,0,102.34,36.06,10.9297,13.3438,65,-1,87,0,0,0,0,0,0,0,0,0,0,0,0,0,0,0,0,0,0,0,0,0,0,0,
7-5_15:40:15.1936716,3,1762,139.66,11.3828,1.5879,27.95,250,0,244,0,65535,0,0,0,0,0,0,0,0,104.16,35.08,13.2031,16.0703,66,0,120,0,0,0,0,0,0,0,0,0,0,0,0,0,0,0,0,0,0,0,0,0,0,0,
7-5_15:40:15.4479908,3,1771,139.42,11.5703,1.5996,27.99,250,0,6,0,65535,0,0,0,0,0,0,0,0,105.33,35.64,12.2812,14.125,66,-3,0,0,0,0,0,0,0,0,0,0,0,0,0,0,0,0,0,0,0,0,0,0,0,0,
7-5_15:40:15.7332741,3,1826,139.56,12.0938,1.6865,28.02,250,0,179,0,65535,0,0,0,0,0,0,0,0,106.67,35.77,10.6406,12.1172,66,-1,-179,0,0,0,0,0,0,0,0,0,0,0,0,0,0,0,0,0,0,0,0,0,0,0,
7-5_15:40:15.9885449,3,1787,139.52,12.2891,1.6973,28.02,250,0,357,0,65535,0,0,0,0,0,0,0,0,107.62,35.95,13.2578,15.0859,67,-5,2,0,0,0,0,0,0,0,0,0,0,0,0,0,0,0,0,0,0,0,0,0,0,0,
7-5_15:40:16.2729235,3,1746,138.84,12.1875,1.6992,28.05,250,0,105,0,65535,0,0,0,0,0,0,0,0,108.23,36.03,13.7422,15.7969,67,-7,-105,0,0,0,0,0,0,0,0,0,0,0,0,0,0,0,0,0,0,0,0,0,0,0,
7-5_15:40:16.5422047,3,1780,139.61,12.5,1.7402,28.07,250,0,283,0,65535,0,0,0,0,0,0,0,0,109.12,35.3,13.7578,15.5625,67,0,76,0,0,0,0,0,0,0,0,0,0,0,0,0,0,0,0,0,0,0,0,0,0,0,
7-5_15:40:16.8105264,3,1781,139.47,12.4766,1.7354,28.1,250,0,320,0,65535,0,0,0,0,0,0,0,0,109.59,35.86,12.4297,15.6328,67,-1,39,0,0,0,0,0,0,0,0,0,0,0,0,0,0,0,0,0,0,0,0,0,0,0,
7-5_15:40:17.0778269,3,1821,139.03,12.8516,1.7881,28.13,250,0,84,0,65535,0,0,0,0,0,0,0,0,110.42,36.39,11.3672,13.7578,67,-8,-84,0,0,0,0,0,0,0,0,0,0,0,0,0,0,0,0,0,0,0,0,0,0,0,
7-5_15:40:17.3481197,3,1808,139.66,13.2422,1.8545,28.14,250,0,244,0,65535,0,0,0,0,0,0,0,0,111.03,36.73,12.8203,14.9844,68,1,115,0,0,0,0,0,0,0,0,0,0,0,0,0,0,0,0,0,0,0,0,0,0,0,
7-5_15:40:17.6013825,3,1771,139.56,13.1875,1.8506,28.16,250,0,273,0,65535,0,0,0,0,0,0,0,0,111.44,37.44,13.6797,15.5938,68,2,86,0,0,0,0,0,0,0,0,0,0,0,0,0,0,0,0,0,0,0,0,0,0,0,
7-5_15:40:17.8866117,3,1752,138.89,13.4453,1.834,28.2,250,0,44,0,65535,0,0,0,0,0,0,0,0,112,35.33,14.375,17.7422,68,0,-44,0,0,0,0,0,0,0,0,0,0,0,0,0,0,0,0,0,0,0,0,0,0,0,
7-5_15:40:18.1546825,3,1789,139.08,13.3438,1.876,28.21,250,0,131,0,65535,0,0,0,0,0,0,0,0,112.33,36.34,13.3281,15.5938,68,4,-131,0,0,0,0,0,0,0,0,0,0,0,0,0,0,0,0,0,0,0,0,0,0,0,
7-5_15:40:18.4249565,3,1818,139.61,13.75,1.9482,28.21,250,0,194,0,65535,0,0,0,0,0,0,0,0,112.94,36.47,11.8516,14.9531,68,5,165,0,0,0,0,0,0,0,0,0,0,0,0,0,0,0,0,0,0,0,0,0,0,0,
7-5_15:40:18.7083094,3,1813,139.47,14.1641,1.9727,28.23,250,0,344,0,65535,0,0,0,0,0,0,0,0,113.48,35.66,13.7422,15.875,68,0,15,0,0,0,0,0,0,0,0,0,0,0,0,0,0,0,0,0,0,0,0,0,0,0,
7-5_15:40:18.9797444,3,1747,138.73,14.3359,1.9443,28.25,250,0,93,0,65535,0,0,0,0,0,0,0,0,113.8,35.02,14.1719,19.0703,69,0,-93,0,0,0,0,0,0,0,0,0,0,0,0,0,0,0,0,0,0,0,0,0,0,0,
7-5_15:40:19.2629881,3,1802,139.56,14.3516,1.9805,28.27,250,0,239,0,65535,0,0,0,0,0,0,0,0,114.23,36.09,14.6719,17.6328,69,3,120,0,0,0,0,0,0,0,0,0,0,0,0,0,0,0,0,0,0,0,0,0,0,0,
7-5_15:40:19.5183589,3,1792,139.52,14.375,2.0215,28.3,250,0,315,0,65535,0,0,0,0,0,0,0,0,114.67,36.7,14.2734,16.5625,69,3,44,0,0,0,0,0,0,0,0,0,0,0,0,0,0,0,0,0,0,0,0,0,0,0,
7-5_15:40:19.8045529,3,1821,139.08,14.5,2.041,28.35,250,0,61,0,65535,0,0,0,0,0,0,0,0,115.33,36.98,13.5391,16.2734,69,0,-56,0,0,0,0,0,0,0,0,0,0,0,0,0,0,0,0,0,0,0,0,0,0,0,
7-5_15:40:20.0728244,3,1798,139.66,14.4531,2.0166,28.38,250,0,207,0,65535,0,0,0,0,0,0,0,0,115.89,35.72,14.1094,16.5547,69,3,158,0,0,0,0,0,0,0,0,0,0,0,0,0,0,0,0,0,0,0,0,0,0,0,
7-5_15:40:20.3420961,3,1783,139.56,14.6016,2.0488,28.38,250,0,289,0,65535,0,0,0,0,0,0,0,0,116.56,33.41,13.7422,20.2656,69,2,70,0,0,0,0,0,0,0,0,0,0,0,0,0,0,0,0,0,0,0,0,0,0,0,
7-5_15:40:20.6134169,3,1806,139.27,14.4688,2.0391,28.39,250,0,12,0,65535,0,0,0,0,0,0,0,0,116.58,35.12,15.4844,16.875,69,0,-12,0,0,0,0,0,0,0,0,0,0,0,0,0,0,0,0,0,0,0,0,0,0,0,
7-5_15:40:20.8816538,3,1798,138.89,14.8984,2.0928,28.43,250,0,65,0,65535,0,0,0,0,0,0,0,0,117.22,35.58,15.2109,17.5234,69,-4,-65,0,0,0,0,0,0,0,0,0,0,0,0,0,0,0,0,0,0,0,0,0,0,0,
7-5_15:40:21.1656881,3,1793,139.42,15.4219,2.1445,28.45,250,0,180,0,65535,0,0,0,0,0,0,0,0,117.55,35.95,16.5469,17.0078,69,3,179,0,0,0,0,0,0,0,0,0,0,0,0,0,0,0,0,0,0,0,0,0,0,0,
7-5_15:40:21.4199326,3,1787,139.56,15.5078,2.1953,28.45,250,0,271,0,65535,0,0,0,0,0,0,0,0,118.34,34,14.4297,17.9688,69,5,88,0,0,0,0,0,0,0,0,0,0,0,0,0,0,0,0,0,0,0,0,0,0,0,
7-5_15:40:21.7051653,3,1820,139.08,15.0781,2.0908,28.52,250,0,19,0,65535,0,0,0,0,0,0,0,0,119.11,33.88,13.9531,16.2188,69,-1,-19,0,0,0,0,0,0,0,0,0,0,0,0,0,0,0,0,0,0,0,0,0,0,0,
7-5_15:40:21.9754398,3,1774,138.84,15.6875,2.1475,28.53,250,0,122,0,65535,0,0,0,0,0,0,0,0,119.81,34.27,13.8672,20.0156,69,-2,-122,0,0,0,0,0,0,0,0,0,0,0,0,0,0,0,0,0,0,0,0,0,0,0,
7-5_15:40:22.2606777,3,1811,139.61,15.0078,2.1143,28.55,250,0,206,0,65535,0,0,0,0,0,0,0,0,120.38,34.14,14.2578,17.3438,69,3,153,0,0,0,0,0,0,0,0,0,0,0,0,0,0,0,0,0,0,0,0,0,0,0,
7-5_15:40:22.5449190,3,1778,139.27,15.0078,2.1025,28.56,250,0,340,0,65535,0,0,0,0,0,0,0,0,121.08,33.95,20.125,20.1484,69,2,19,0,0,0,0,0,0,0,0,0,0,0,0,0,0,0,0,0,0,0,0,0,0,0,
7-5_15:40:22.8149538,3,1814,138.98,15.75,2.1846,28.59,250,0,34,0,65535,0,0,0,0,0,0,0,0,122.12,34.7,13.9375,17.0469,69,3,-34,0,0,0,0,0,0,0,0,0,0,0,0,0,0,0,0,0,0,0,0,0,0,0,
7-5_15:40:23.0822407,3,1827,138.89,16.6875,2.3281,28.65,250,0,115,0,65535,0,0,0,0,0,0,0,0,123.02,32.47,13.7734,19.2969,69,2,-115,0,0,0,0,0,0,0,0,0,0,0,0,0,0,0,0,0,0,0,0,0,0,0,
7-5_15:40:23.3525165,3,1766,139.47,16.5078,2.332,28.69,250,0,264,0,65535,0,0,0,0,0,0,0,0,123.42,32.62,15.8359,20.9922,69,4,95,0,0,0,0,0,0,0,0,0,0,0,0,0,0,0,0,0,0,0,0,0,0,0,
7-5_15:40:23.6058397,3,1786,139.52,15.7734,2.2314,28.72,250,0,267,0,65535,0,0,0,0,0,0,0,0,123.61,33.36,15.7422,19.5,69,2,92,0,0,0,0,0,0,0,0,0,0,0,0,0,0,0,0,0,0,0,0,0,0,0,
7-5_15:40:23.8900777,3,1782,139.47,15.1719,2.1582,28.72,250,0,323,0,65535,0,0,0,0,0,0,0,0,124.22,33.2,16.625,20.3281,69,3,36,0,0,0,0,0,0,0,0,0,0,0,0,0,0,0,0,0,0,0,0,0,0,0,
7-5_15:40:24.1730804,3,1807,138.8,15.9219,2.2275,28.74,250,0,65,0,65535,0,0,0,0,0,0,0,0,125.23,35.16,15.8672,17.4141,69,1,-65,0,0,0,0,0,0,0,0,0,0,0,0,0,0,0,0,0,0,0,0,0,0,0,
7-5_15:40:24.4273999,3,1836,138.8,16.8359,2.2363,28.82,250,0,115,0,65535,0,0,0,0,0,0,0,0,125.97,31.16,13.75,20.3672,69,6,-115,0,0,0,0,0,0,0,0,0,0,0,0,0,0,0,0,0,0,0,0,0,0,0,
7-5_15:40:24.7116366,3,1742,138.64,17.3672,2.4199,28.84,250,0,255,0,65535,0,0,0,0,0,0,0,0,126.59,33.05,15.8438,20.5234,69,7,109,0,0,0,0,0,0,0,0,0,0,0,0,0,0,0,0,0,0,0,0,0,0,0,
7-5_15:40:24.9829134,3,1805,139.61,17.7578,2.4443,28.88,250,0,302,0,65535,0,0,0,0,0,0,0,0,127.25,32.12,14.125,20.7812,69,5,63,0,0,0,0,0,0,0,0,0,0,0,0,0,0,0,0,0,0,0,0,0,0,0,
7-5_15:40:25.2681968,3,1811,138.98,17.0781,2.3857,28.95,250,0,16,0,65535,0,0,0,0,0,0,0,0,127.84,34.92,14.7422,16.1953,69,3,-16,0,0,0,0,0,0,0,0,0,0,0,0,0,0,0,0,0,0,0,0,0,0,0,
7-5_15:40:25.5374306,3,1810,138.69,17.1484,2.3584,28.99,250,0,103,0,65535,0,0,0,0,0,0,0,0,128.39,32.98,14.3438,20.0234,69,6,-103,0,0,0,0,0,0,0,0,0,0,0,0,0,0,0,0,0,0,0,0,0,0,0,
7-5_15:40:25.8062757,3,1818,138.8,16.5625,2.3096,29.06,250,0,147,0,65535,0,0,0,0,0,0,0,0,129.16,31.3,17.1562,20.8438,69,7,-147,0,0,0,0,0,0,0,0,0,0,0,0,0,0,0,0,0,0,0,0,0,0,0,
7-5_15:40:26.0896094,3,1815,139.27,16.4609,2.2793,29.02,250,0,286,0,65535,0,0,0,0,0,0,0,0,130.05,31.03,13.8438,21.4062,69,6,73,0,0,0,0,0,0,0,0,0,0,0,0,0,0,0,0,0,0,0,0,0,0,0,
7-5_15:40:26.3607962,3,1814,139.47,15.7266,2.1992,29.05,250,0,301,0,65535,0,0,0,0,0,0,0,0,130.67,31.36,13.7578,21.4844,69,4,58,0,0,0,0,0,0,0,0,0,0,0,0,0,0,0,0,0,0,0,0,0,0,0,
7-5_15:40:26.6460664,3,1771,138.36,17.5625,2.3652,29.12,250,0,90,0,65535,0,0,0,0,0,0,0,0,131.47,32.38,15.875,20.5234,69,2,-90,0,0,0,0,0,0,0,0,0,0,0,0,0,0,0,0,0,0,0,0,0,0,0,
7-5_15:40:26.9163063,3,1806,138.89,17.9375,2.4893,29.18,250,0,157,0,65535,0,0,0,0,0,0,0,0,132.5,32.66,21.3516,20.8359,69,3,-157,0,0,0,0,0,0,0,0,0,0,0,0,0,0,0,0,0,0,0,0,0,0,0,
7-5_15:40:27.2016908,3,1813,139.03,17.8672,2.4746,29.22,250,0,263,0,65535,0,0,0,0,0,0,0,0,133.52,32.86,15.8438,20.0547,69,6,96,0,0,0,0,0,0,0,0,0,0,0,0,0,0,0,0,0,0,0,0,0,0,0,
7-5_15:40:27.4700430,3,1788,137.83,17.0547,2.3789,29.25,250,0,356,0,65535,0,0,0,0,0,0,0,0,133.8,32.66,22.4297,19.3906,69,0,3,0,0,0,0,0,0,0,0,0,0,0,0,0,0,0,0,0,0,0,0,0,0,0,
7-5_15:40:27.7402506,3,1796,137.39,16.3359,2.2842,29.3,250,0,37,0,65535,0,0,0,0,0,0,0,0,134.16,33.3,15.8672,17.4922,69,0,-37,0,0,0,0,0,0,0,0,0,0,0,0,0,0,0,0,0,0,0,0,0,0,0,
7-5_15:40:28.0235532,3,1791,138.11,16.3359,2.3047,29.39,250,0,144,0,65535,0,0,0,0,0,0,0,0,134.53,31.81,22.3281,21.2734,69,5,-144,0,0,0,0,0,0,0,0,0,0,0,0,0,0,0,0,0,0,0,0,0,0,0,
7-5_15:40:28.2768975,3,1816,138.55,16.5938,2.2734,29.43,250,0,152,0,65535,0,0,0,0,0,0,0,0,135.08,32.52,22.3359,20.5781,69,1,-152,0,0,0,0,0,0,0,0,0,0,0,0,0,0,0,0,0,0,0,0,0,0,0,
7-5_15:40:28.5471279,3,1783,138.27,16.8203,2.291,29.48,250,0,266,0,65535,0,0,0,0,0,0,0,0,135.38,32.33,15.8438,20.6406,69,3,93,0,0,0,0,0,0,0,0,0,0,0,0,0,0,0,0,0,0,0,0,0,0,0,
7-5_15:40:28.8164059,3,1790,135.38,16.6641,2.2832,29.57,250,0,23,0,65535,0,0,0,0,0,0,0,0,135.94,33.19,14.0469,15.4844,69,0,-23,0,0,0,0,0,0,0,0,0,0,0,0,0,0,0,0,0,0,0,0,0,0,0,
7-5_15:40:29.0856896,3,1797,137.69,17.8359,2.4502,29.62,250,0,101,0,65535,0,0,0,0,0,0,0,0,136.11,31.83,15.4219,22.2656,69,-3,-96,0,0,0,0,0,0,0,0,0,0,0,0,0,0,0,0,0,0,0,0,0,0,0,
7-5_15:40:29.3697822,3,1756,135.52,17.75,2.458,29.65,250,0,310,0,65535,0,0,0,0,0,0,0,0,136.06,31.39,14.6562,24.375,69,1,54,0,0,0,0,0,0,0,0,0,0,0,0,0,0,0,0,0,0,0,0,0,0,0,
7-5_15:40:29.6240942,3,1677,128.58,17.0781,2.1084,29.69,250,0,196,0,65535,0,0,0,0,0,0,0,0,134.7,28.59,17.9062,18.9922,70,3,167,0,0,0,0,0,0,0,0,0,0,0,0,0,0,0,0,0,0,0,0,0,0,0,
7-5_15:40:29.9093445,3,1558,119.7,17.4375,2.25,29.75,250,0,340,0,65535,0,0,0,0,0,0,0,0,131.89,27.05,16.0312,25.6016,70,0,19,0,0,0,0,0,0,0,0,0,0,0,0,0,0,0,0,0,0,0,0,0,0,0,
7-5_15:40:30.1793373,3,1769,135.42,17.9062,2.209,29.79,250,0,47,0,65535,0,0,0,0,0,0,0,0,131.62,31.09,15.8672,18.2266,69,-2,-47,0,0,0,0,0,0,0,0,0,0,0,0,0,0,0,0,0,0,0,0,0,0,0,
7-5_15:40:30.4307224,3,1849,138.55,17.2656,2.418,29.84,250,0,80,0,65535,0,0,0,0,0,0,0,0,132.41,37.16,15.8672,18.4844,69,-11,-80,0,0,0,0,0,0,0,0,0,0,0,0,0,0,0,0,0,0,0,0,0,0,0,
7-5_15:40:30.7168777,3,1817,139.52,16.5859,2.3066,29.9,250,0,286,0,65535,0,0,0,0,0,0,0,0,131.36,33.94,13.8828,20.8047,69,-1,73,0,0,0,0,0,0,0,0,0,0,0,0,0,0,0,0,0,0,0,0,0,0,0,
7-5_15:40:30.9882271,3,1820,139.08,16.5625,2.3066,29.91,250,0,246,0,65535,0,0,0,0,0,0,0,0,132.75,35.64,15.8359,19.0625,69,1,113,0,0,0,0,0,0,0,0,0,0,0,0,0,0,0,0,0,0,0,0,0,0,0,
7-5_15:40:31.2554386,3,1813,138.64,16.9531,2.3467,29.97,250,0,312,0,65535,0,0,0,0,0,0,0,0,133.88,32.45,16.0781,24,69,3,47,0,0,0,0,0,0,0,0,0,0,0,0,0,0,0,0,0,0,0,0,0,0,0,
7-5_15:40:31.5257767,3,1804,137.58,16.7578,2.2705,30.01,250,0,4,0,65535,0,0,0,0,0,0,0,0,134.67,34.23,19.25,18.0312,69,0,-4,0,0,0,0,0,0,0,0,0,0,0,0,0,0,0,0,0,0,0,0,0,0,0,
7-5_15:40:31.7950548,3,1705,130.31,18.0078,2.4717,30.05,250,0,168,0,65535,0,0,0,0,0,0,0,0,135.08,31.06,24.8125,23.9141,70,-1,-168,0,0,0,0,0,0,0,0,0,0,0,0,0,0,0,0,0,0,0,0,0,0,0,
7-5_15:40:32.0652733,3,1495,112.86,17.6953,1.9883,30.06,250,0,17,0,65535,0,0,0,0,0,0,0,0,130.73,26.72,24.6172,22.8438,70,0,-17,0,0,0,0,0,0,0,0,0,0,0,0,0,0,0,0,0,0,0,0,0,0,0,
7-5_15:40:32.3355846,3,1857,137.2,10.2188,1.4014,30.07,250,0,155,0,65535,0,0,0,0,0,0,0,0,128.19,31.2,0,11.2656,65,0,-155,0,0,0,0,0,0,0,0,0,0,0,0,0,0,0,0,0,0,0,0,0,0,0,
7-5_15:40:32.6048693,3,31027,139.61,3.9531,0.6133,30.02,250,0,278,0,65535,0,0,0,0,0,0,0,0,130.3,500.31,0.0156,1,-48,-1,81,0,0,0,0,0,0,0,0,0,0,0,0,0,0,0,0,0,0,0,0,0,0,0,
7-5_15:40:32.8567030,3,1661,139.61,1.7031,0.2637,29.99,250,0,347,0,65535,0,0,0,0,0,0,0,0,132.14,39.17,0,0.5312,45,5,12,0,0,0,0,0,0,0,0,0,0,0,0,0,0,0,0,0,0,0,0,0,0,0,
7-5_15:40:33.1421748,2,1713,139.66,0.7422,0.1143,29.94,250,0,67,0,65535,0,0,0,0,0,0,0,0,134.38,28.83,0,16.1172,58,0,-67,0,0,0,0,0,0,0,0,0,0,0,0,0,0,0,0,0,0,0,0,0,0,0,
7-5_15:40:33.4280765,2,1057,139.61,0.25,0.0488,29.91,250,0,25,0,65535,0,0,0,0,0,0,0,0,130.48,16.72,0.0078,46.3906,65,3,-25,0,0,0,0,0,0,0,0,0,0,0,0,0,0,0,0,0,0,0,0,0,0,0,
7-5_15:40:33.6804442,2,1115,139.66,0.1172,0.0215,29.87,250,0,200,0,65535,0,0,0,0,0,0,0,0,133,15.73,0.0078,45.0547,64,2,159,0,0,0,0,0,0,0,0,0,0,0,0,0,0,0,0,0,0,0,0,0,0,0,
7-5_15:40:33.9647250,2,1118,139.66,0.0391,0.0049,29.8,250,0,71,0,65535,0,0,0,0,0,0,0,0,134.97,15.91,0.0078,43.7031,64,1,-67,0,0,0,0,0,0,0,0,0,0,0,0,0,0,0,0,0,0,0,0,0,0,0,
7-5_15:40:34.2359566,2,1119,139.61,0.0156,0.002,29.73,250,0,140,0,65535,0,0,0,0,0,0,0,0,136.33,15.91,0.0078,43.3672,64,-1,-137,0,0,0,0,0,0,0,0,0,0,0,0,0,0,0,0,0,0,0,0,0,0,0,
7-5_15:40:34.5201553,2,862,139.61,0.0078,0.001,29.67,250,0,42,0,65535,0,0,0,0,0,0,0,0,135.52,18.77,0,57.1094,67,-3,-134,0,0,0,0,0,0,0,0,0,0,0,0,0,0,0,0,0,0,0,0,0,0,0,
7-5_15:40:34.7905013,2,693,139.61,0,0,29.6,250,0,187,0,65535,0,0,0,0,0,0,0,0,136.77,9.28,0,67.5312,69,0,84,0,0,0,0,0,0,0,0,0,0,0,0,0,0,0,0,0,0,0,0,0,0,0,
7-5_15:40:35.0766692,2,529,139.66,0,0,29.55,250,0,132,0,65535,0,0,0,0,0,0,0,0,137.61,8.97,0,83.8906,72,4,146,0,0,0,0,0,0,0,0,0,0,0,0,0,0,0,0,0,0,0,0,0,0,0,
7-5_15:40:35.3320211,2,370,139.61,0,0,29.54,250,0,141,0,65535,0,0,0,0,0,0,0,0,138.2,9.22,0,106.125,74,-1,142,0,0,0,0,0,0,0,0,0,0,0,0,0,0,0,0,0,0,0,0,0,0,0,
7-5_15:40:35.6152880,2,206,139.61,0,0,29.49,250,0,46,0,65535,0,0,0,0,0,0,0,0,138.62,8.89,0.0078,141.6172,55,0,-96,0,0,0,0,0,0,0,0,0,0,0,0,0,0,0,0,0,0,0,0,0,0,0,
7-5_15:40:35.9154506,4,0,139.61,0,0,29.46,250,0,0,0,65535,0,0,0,0,0,0,0,0,138.91,8.08,0,0,0,-2,8,0,0,0,0,0,0,0,0,0,0,0,0,0,0,0,0,0,0,0,0,0,0,0,
7-5_15:40:36.1694987,4,0,139.66,0,0,29.43,250,0,0,0,65535,0,0,0,0,0,0,0,0,139.16,0.11,0,0,0,7,8,0,0,0,0,0,0,0,0,0,0,0,0,0,0,0,0,0,0,0,0,0,0,0,
7-5_15:40:36.4547357,4,0,139.66,0,0,29.38,250,0,0,0,65535,0,0,0,0,0,0,0,0,139.3,0,0,0,0,12,8,0,0,0,0,0,0,0,0,0,0,0,0,0,0,0,0,0,0,0,0,0,0,0,
7-5_15:40:36.7240181,4,0,139.66,0,0,29.38,250,0,0,0,65535,0,0,0,0,0,0,0,0,139.41,0,0,0,0,16,8,0,0,0,0,0,0,0,0,0,0,0,0,0,0,0,0,0,0,0,0,0,0,0,
7-5_15:40:37.0093667,4,0,139.66,0,0,29.34,250,0,0,0,65535,0,0,0,0,0,0,0,0,139.48,0,0,0,0,19,8,0,0,0,0,0,0,0,0,0,0,0,0,0,0,0,0,0,0,0,0,0,0,0,
7-5_15:40:37.2805264,4,0,139.66,0,0,29.32,250,0,0,0,65535,0,0,0,0,0,0,0,0,139.53,0,0,0,0,21,8,0,0,0,0,0,0,0,0,0,0,0,0,0,0,0,0,0,0,0,0,0,0,0,
7-5_15:40:37.5658429,4,0,139.61,0,0,29.31,250,0,0,0,65535,0,0,0,0,0,0,0,0,139.58,0,0,0,0,22,8,0,0,0,0,0,0,0,0,0,0,0,0,0,0,0,0,0,0,0,0,0,0,0,
